origin_date,location,target,horizon,target_end_date,output_type,output_type_id,value
2019-11-23,HHS Region 1,ili perc,1,2019-11-30,quantile,0.01,0.8445161681622948
2019-11-23,HHS Region 1,ili perc,1,2019-11-30,quantile,0.025,0.9289152175380662
2019-11-23,HHS Region 1,ili perc,1,2019-11-30,quantile,0.05,1.004497220877416
2019-11-23,HHS Region 1,ili perc,1,2019-11-30,quantile,0.1,1.0500049739069737
2019-11-23,HHS Region 1,ili perc,1,2019-11-30,quantile,0.15,1.106580039301048
2019-11-23,HHS Region 1,ili perc,1,2019-11-30,quantile,0.2,1.1551089348636872
2019-11-23,HHS Region 1,ili perc,1,2019-11-30,quantile,0.25,1.2946775901448837
2019-11-23,HHS Region 1,ili perc,1,2019-11-30,quantile,0.3,1.3327161399585337
2019-11-23,HHS Region 1,ili perc,1,2019-11-30,quantile,0.35,1.4006124875917094
2019-11-23,HHS Region 1,ili perc,1,2019-11-30,quantile,0.4,1.4505119624908105
2019-11-23,HHS Region 1,ili perc,1,2019-11-30,quantile,0.45,1.4776470272700917
2019-11-23,HHS Region 1,ili perc,1,2019-11-30,quantile,0.5,1.5241859207973638
2019-11-23,HHS Region 1,ili perc,1,2019-11-30,quantile,0.55,1.541889278853676
2019-11-23,HHS Region 1,ili perc,1,2019-11-30,quantile,0.6,1.5772619994584147
2019-11-23,HHS Region 1,ili perc,1,2019-11-30,quantile,0.65,1.6162195026696642
2019-11-23,HHS Region 1,ili perc,1,2019-11-30,quantile,0.7,1.6677560488868473
2019-11-23,HHS Region 1,ili perc,1,2019-11-30,quantile,0.75,1.7091028844875489
2019-11-23,HHS Region 1,ili perc,1,2019-11-30,quantile,0.8,1.7230281625447388
2019-11-23,HHS Region 1,ili perc,1,2019-11-30,quantile,0.85,1.803044530597939
2019-11-23,HHS Region 1,ili perc,1,2019-11-30,quantile,0.9,1.9470266281938142
2019-11-23,HHS Region 1,ili perc,1,2019-11-30,quantile,0.95,2.129076998860508
2019-11-23,HHS Region 1,ili perc,1,2019-11-30,quantile,0.975,2.2060098600633933
2019-11-23,HHS Region 1,ili perc,1,2019-11-30,quantile,0.99,2.5303708565846574
2019-11-23,HHS Region 1,ili perc,2,2019-12-07,quantile,0.01,0.7662940150088994
2019-11-23,HHS Region 1,ili perc,2,2019-12-07,quantile,0.025,0.798710597092994
2019-11-23,HHS Region 1,ili perc,2,2019-12-07,quantile,0.05,0.8964385185477489
2019-11-23,HHS Region 1,ili perc,2,2019-12-07,quantile,0.1,1.0735198456238577
2019-11-23,HHS Region 1,ili perc,2,2019-12-07,quantile,0.15,1.1413655600418675
2019-11-23,HHS Region 1,ili perc,2,2019-12-07,quantile,0.2,1.253659718781976
2019-11-23,HHS Region 1,ili perc,2,2019-12-07,quantile,0.25,1.3480551065225614
2019-11-23,HHS Region 1,ili perc,2,2019-12-07,quantile,0.3,1.4155601875411543
2019-11-23,HHS Region 1,ili perc,2,2019-12-07,quantile,0.35,1.5117040959707004
2019-11-23,HHS Region 1,ili perc,2,2019-12-07,quantile,0.4,1.5599132384674237
2019-11-23,HHS Region 1,ili perc,2,2019-12-07,quantile,0.45,1.607329720071666
2019-11-23,HHS Region 1,ili perc,2,2019-12-07,quantile,0.5,1.6756920813034766
2019-11-23,HHS Region 1,ili perc,2,2019-12-07,quantile,0.55,1.7168716396524797
2019-11-23,HHS Region 1,ili perc,2,2019-12-07,quantile,0.6,1.8325587778819838
2019-11-23,HHS Region 1,ili perc,2,2019-12-07,quantile,0.65,1.860006652798494
2019-11-23,HHS Region 1,ili perc,2,2019-12-07,quantile,0.7,1.910436610687372
2019-11-23,HHS Region 1,ili perc,2,2019-12-07,quantile,0.75,2.042547240425906
2019-11-23,HHS Region 1,ili perc,2,2019-12-07,quantile,0.8,2.07220425468814
2019-11-23,HHS Region 1,ili perc,2,2019-12-07,quantile,0.85,2.2174551671265195
2019-11-23,HHS Region 1,ili perc,2,2019-12-07,quantile,0.9,2.495828802706231
2019-11-23,HHS Region 1,ili perc,2,2019-12-07,quantile,0.95,2.7751683531586804
2019-11-23,HHS Region 1,ili perc,2,2019-12-07,quantile,0.975,3.2378064703905927
2019-11-23,HHS Region 1,ili perc,2,2019-12-07,quantile,0.99,3.4705202365310446
2019-11-23,HHS Region 1,ili perc,3,2019-12-14,quantile,0.01,0.7258856763190258
2019-11-23,HHS Region 1,ili perc,3,2019-12-14,quantile,0.025,0.7762094076394606
2019-11-23,HHS Region 1,ili perc,3,2019-12-14,quantile,0.05,0.8942326328049782
2019-11-23,HHS Region 1,ili perc,3,2019-12-14,quantile,0.1,1.0726917698699545
2019-11-23,HHS Region 1,ili perc,3,2019-12-14,quantile,0.15,1.2044042195917661
2019-11-23,HHS Region 1,ili perc,3,2019-12-14,quantile,0.2,1.3194454246156568
2019-11-23,HHS Region 1,ili perc,3,2019-12-14,quantile,0.25,1.379392542730025
2019-11-23,HHS Region 1,ili perc,3,2019-12-14,quantile,0.3,1.4483623016554228
2019-11-23,HHS Region 1,ili perc,3,2019-12-14,quantile,0.35,1.5148349248730013
2019-11-23,HHS Region 1,ili perc,3,2019-12-14,quantile,0.4,1.6255760196891362
2019-11-23,HHS Region 1,ili perc,3,2019-12-14,quantile,0.45,1.6529935252341814
2019-11-23,HHS Region 1,ili perc,3,2019-12-14,quantile,0.5,1.7763821697328694
2019-11-23,HHS Region 1,ili perc,3,2019-12-14,quantile,0.55,1.8954883885996934
2019-11-23,HHS Region 1,ili perc,3,2019-12-14,quantile,0.6,1.9856167650383738
2019-11-23,HHS Region 1,ili perc,3,2019-12-14,quantile,0.65,2.1020520767619226
2019-11-23,HHS Region 1,ili perc,3,2019-12-14,quantile,0.7,2.216458785276008
2019-11-23,HHS Region 1,ili perc,3,2019-12-14,quantile,0.75,2.3390122517733043
2019-11-23,HHS Region 1,ili perc,3,2019-12-14,quantile,0.8,2.4139111918360636
2019-11-23,HHS Region 1,ili perc,3,2019-12-14,quantile,0.85,2.5822710079649016
2019-11-23,HHS Region 1,ili perc,3,2019-12-14,quantile,0.9,3.034581266809237
2019-11-23,HHS Region 1,ili perc,3,2019-12-14,quantile,0.95,3.6859982650673038
2019-11-23,HHS Region 1,ili perc,3,2019-12-14,quantile,0.975,4.095106416911523
2019-11-23,HHS Region 1,ili perc,3,2019-12-14,quantile,0.99,4.646476296139615
2019-11-23,HHS Region 1,ili perc,4,2019-12-21,quantile,0.01,0.7397931631562793
2019-11-23,HHS Region 1,ili perc,4,2019-12-21,quantile,0.025,0.8027030979445607
2019-11-23,HHS Region 1,ili perc,4,2019-12-21,quantile,0.05,0.8667059907285278
2019-11-23,HHS Region 1,ili perc,4,2019-12-21,quantile,0.1,1.0385675923683555
2019-11-23,HHS Region 1,ili perc,4,2019-12-21,quantile,0.15,1.3437743696131803
2019-11-23,HHS Region 1,ili perc,4,2019-12-21,quantile,0.2,1.4111972061245912
2019-11-23,HHS Region 1,ili perc,4,2019-12-21,quantile,0.25,1.5622026715029163
2019-11-23,HHS Region 1,ili perc,4,2019-12-21,quantile,0.3,1.6287439063787092
2019-11-23,HHS Region 1,ili perc,4,2019-12-21,quantile,0.35,1.7586956271465874
2019-11-23,HHS Region 1,ili perc,4,2019-12-21,quantile,0.4,1.8452454137581282
2019-11-23,HHS Region 1,ili perc,4,2019-12-21,quantile,0.45,1.9828324201771568
2019-11-23,HHS Region 1,ili perc,4,2019-12-21,quantile,0.5,2.0642038807981145
2019-11-23,HHS Region 1,ili perc,4,2019-12-21,quantile,0.55,2.178704924538189
2019-11-23,HHS Region 1,ili perc,4,2019-12-21,quantile,0.6,2.2991534258771007
2019-11-23,HHS Region 1,ili perc,4,2019-12-21,quantile,0.65,2.489660535654574
2019-11-23,HHS Region 1,ili perc,4,2019-12-21,quantile,0.7,2.601910597570796
2019-11-23,HHS Region 1,ili perc,4,2019-12-21,quantile,0.75,2.6812870462707004
2019-11-23,HHS Region 1,ili perc,4,2019-12-21,quantile,0.8,3.007734664984228
2019-11-23,HHS Region 1,ili perc,4,2019-12-21,quantile,0.85,3.2343138888386385
2019-11-23,HHS Region 1,ili perc,4,2019-12-21,quantile,0.9,3.6229205866713485
2019-11-23,HHS Region 1,ili perc,4,2019-12-21,quantile,0.95,4.056767355137587
2019-11-23,HHS Region 1,ili perc,4,2019-12-21,quantile,0.975,4.463961171365286
2019-11-23,HHS Region 1,ili perc,4,2019-12-21,quantile,0.99,4.766758476380846
2019-11-23,HHS Region 10,ili perc,1,2019-11-30,quantile,0.01,0.9408498494348905
2019-11-23,HHS Region 10,ili perc,1,2019-11-30,quantile,0.025,0.9919443968426682
2019-11-23,HHS Region 10,ili perc,1,2019-11-30,quantile,0.05,1.1647389913032657
2019-11-23,HHS Region 10,ili perc,1,2019-11-30,quantile,0.1,1.2551484254572238
2019-11-23,HHS Region 10,ili perc,1,2019-11-30,quantile,0.15,1.3516744366108315
2019-11-23,HHS Region 10,ili perc,1,2019-11-30,quantile,0.2,1.434322082571275
2019-11-23,HHS Region 10,ili perc,1,2019-11-30,quantile,0.25,1.5607534946532593
2019-11-23,HHS Region 10,ili perc,1,2019-11-30,quantile,0.3,1.639002301588981
2019-11-23,HHS Region 10,ili perc,1,2019-11-30,quantile,0.35,1.7281952917879781
2019-11-23,HHS Region 10,ili perc,1,2019-11-30,quantile,0.4,1.7866838418353324
2019-11-23,HHS Region 10,ili perc,1,2019-11-30,quantile,0.45,1.835952827667147
2019-11-23,HHS Region 10,ili perc,1,2019-11-30,quantile,0.5,1.8861881383544188
2019-11-23,HHS Region 10,ili perc,1,2019-11-30,quantile,0.55,2.0447457472514383
2019-11-23,HHS Region 10,ili perc,1,2019-11-30,quantile,0.6,2.1070611342695673
2019-11-23,HHS Region 10,ili perc,1,2019-11-30,quantile,0.65,2.264711741241424
2019-11-23,HHS Region 10,ili perc,1,2019-11-30,quantile,0.7,2.346021051113441
2019-11-23,HHS Region 10,ili perc,1,2019-11-30,quantile,0.75,2.452492341026959
2019-11-23,HHS Region 10,ili perc,1,2019-11-30,quantile,0.8,2.534036306842201
2019-11-23,HHS Region 10,ili perc,1,2019-11-30,quantile,0.85,2.7540109315144727
2019-11-23,HHS Region 10,ili perc,1,2019-11-30,quantile,0.9,3.111271639483602
2019-11-23,HHS Region 10,ili perc,1,2019-11-30,quantile,0.95,3.374122390149185
2019-11-23,HHS Region 10,ili perc,1,2019-11-30,quantile,0.975,3.6504499417158414
2019-11-23,HHS Region 10,ili perc,1,2019-11-30,quantile,0.99,3.7587213543169122
2019-11-23,HHS Region 10,ili perc,2,2019-12-07,quantile,0.01,0.702991476761054
2019-11-23,HHS Region 10,ili perc,2,2019-12-07,quantile,0.025,0.9064037141535468
2019-11-23,HHS Region 10,ili perc,2,2019-12-07,quantile,0.05,1.0674785989705156
2019-11-23,HHS Region 10,ili perc,2,2019-12-07,quantile,0.1,1.2422458430928427
2019-11-23,HHS Region 10,ili perc,2,2019-12-07,quantile,0.15,1.374213117857197
2019-11-23,HHS Region 10,ili perc,2,2019-12-07,quantile,0.2,1.4416460933423223
2019-11-23,HHS Region 10,ili perc,2,2019-12-07,quantile,0.25,1.526856775770771
2019-11-23,HHS Region 10,ili perc,2,2019-12-07,quantile,0.3,1.6049606119354083
2019-11-23,HHS Region 10,ili perc,2,2019-12-07,quantile,0.35,1.742393014076832
2019-11-23,HHS Region 10,ili perc,2,2019-12-07,quantile,0.4,1.8051240795539987
2019-11-23,HHS Region 10,ili perc,2,2019-12-07,quantile,0.45,1.9060857954509267
2019-11-23,HHS Region 10,ili perc,2,2019-12-07,quantile,0.5,2.052861517953761
2019-11-23,HHS Region 10,ili perc,2,2019-12-07,quantile,0.55,2.1553891804708316
2019-11-23,HHS Region 10,ili perc,2,2019-12-07,quantile,0.6,2.2645467957555097
2019-11-23,HHS Region 10,ili perc,2,2019-12-07,quantile,0.65,2.351639951292659
2019-11-23,HHS Region 10,ili perc,2,2019-12-07,quantile,0.7,2.503083849139342
2019-11-23,HHS Region 10,ili perc,2,2019-12-07,quantile,0.75,2.72074566982248
2019-11-23,HHS Region 10,ili perc,2,2019-12-07,quantile,0.8,3.0474603941473113
2019-11-23,HHS Region 10,ili perc,2,2019-12-07,quantile,0.85,3.22174806824457
2019-11-23,HHS Region 10,ili perc,2,2019-12-07,quantile,0.9,3.3957832130125962
2019-11-23,HHS Region 10,ili perc,2,2019-12-07,quantile,0.95,3.5180878695841464
2019-11-23,HHS Region 10,ili perc,2,2019-12-07,quantile,0.975,3.7658184879235606
2019-11-23,HHS Region 10,ili perc,2,2019-12-07,quantile,0.99,4.233332118132603
2019-11-23,HHS Region 10,ili perc,3,2019-12-14,quantile,0.01,0.7804579559116606
2019-11-23,HHS Region 10,ili perc,3,2019-12-14,quantile,0.025,1.1728825139482888
2019-11-23,HHS Region 10,ili perc,3,2019-12-14,quantile,0.05,1.2077098742816417
2019-11-23,HHS Region 10,ili perc,3,2019-12-14,quantile,0.1,1.4317905014203718
2019-11-23,HHS Region 10,ili perc,3,2019-12-14,quantile,0.15,1.6396715350008624
2019-11-23,HHS Region 10,ili perc,3,2019-12-14,quantile,0.2,1.7104062458838403
2019-11-23,HHS Region 10,ili perc,3,2019-12-14,quantile,0.25,1.8693630353093615
2019-11-23,HHS Region 10,ili perc,3,2019-12-14,quantile,0.3,2.011826554714716
2019-11-23,HHS Region 10,ili perc,3,2019-12-14,quantile,0.35,2.1367255381811243
2019-11-23,HHS Region 10,ili perc,3,2019-12-14,quantile,0.4,2.235101140677015
2019-11-23,HHS Region 10,ili perc,3,2019-12-14,quantile,0.45,2.298067073090502
2019-11-23,HHS Region 10,ili perc,3,2019-12-14,quantile,0.5,2.3463842047307506
2019-11-23,HHS Region 10,ili perc,3,2019-12-14,quantile,0.55,2.508862128770149
2019-11-23,HHS Region 10,ili perc,3,2019-12-14,quantile,0.6,2.637564710314743
2019-11-23,HHS Region 10,ili perc,3,2019-12-14,quantile,0.65,2.7548767905981255
2019-11-23,HHS Region 10,ili perc,3,2019-12-14,quantile,0.7,3.0202310848881355
2019-11-23,HHS Region 10,ili perc,3,2019-12-14,quantile,0.75,3.258555291387884
2019-11-23,HHS Region 10,ili perc,3,2019-12-14,quantile,0.8,3.6480314899996937
2019-11-23,HHS Region 10,ili perc,3,2019-12-14,quantile,0.85,4.004662641923561
2019-11-23,HHS Region 10,ili perc,3,2019-12-14,quantile,0.9,4.220200209090542
2019-11-23,HHS Region 10,ili perc,3,2019-12-14,quantile,0.95,4.9383306130891125
2019-11-23,HHS Region 10,ili perc,3,2019-12-14,quantile,0.975,5.48774115555311
2019-11-23,HHS Region 10,ili perc,3,2019-12-14,quantile,0.99,6.283226036468455
2019-11-23,HHS Region 10,ili perc,4,2019-12-21,quantile,0.01,0.8415596234058316
2019-11-23,HHS Region 10,ili perc,4,2019-12-21,quantile,0.025,1.0611129766340754
2019-11-23,HHS Region 10,ili perc,4,2019-12-21,quantile,0.05,1.3075935141853572
2019-11-23,HHS Region 10,ili perc,4,2019-12-21,quantile,0.1,1.6681070375896785
2019-11-23,HHS Region 10,ili perc,4,2019-12-21,quantile,0.15,1.8203711151591635
2019-11-23,HHS Region 10,ili perc,4,2019-12-21,quantile,0.2,2.0121826380356183
2019-11-23,HHS Region 10,ili perc,4,2019-12-21,quantile,0.25,2.198920649472221
2019-11-23,HHS Region 10,ili perc,4,2019-12-21,quantile,0.3,2.3779998257673762
2019-11-23,HHS Region 10,ili perc,4,2019-12-21,quantile,0.35,2.5628593134687376
2019-11-23,HHS Region 10,ili perc,4,2019-12-21,quantile,0.4,2.5880913077178382
2019-11-23,HHS Region 10,ili perc,4,2019-12-21,quantile,0.45,2.644547700985648
2019-11-23,HHS Region 10,ili perc,4,2019-12-21,quantile,0.5,2.7729016774688757
2019-11-23,HHS Region 10,ili perc,4,2019-12-21,quantile,0.55,3.1354242153946683
2019-11-23,HHS Region 10,ili perc,4,2019-12-21,quantile,0.6,3.320361862921843
2019-11-23,HHS Region 10,ili perc,4,2019-12-21,quantile,0.65,3.5560465054301207
2019-11-23,HHS Region 10,ili perc,4,2019-12-21,quantile,0.7,3.797431075481734
2019-11-23,HHS Region 10,ili perc,4,2019-12-21,quantile,0.75,3.918312835575296
2019-11-23,HHS Region 10,ili perc,4,2019-12-21,quantile,0.8,4.072448932310847
2019-11-23,HHS Region 10,ili perc,4,2019-12-21,quantile,0.85,4.444513185206948
2019-11-23,HHS Region 10,ili perc,4,2019-12-21,quantile,0.9,4.709371435297525
2019-11-23,HHS Region 10,ili perc,4,2019-12-21,quantile,0.95,5.796354492103126
2019-11-23,HHS Region 10,ili perc,4,2019-12-21,quantile,0.975,6.630227802067516
2019-11-23,HHS Region 10,ili perc,4,2019-12-21,quantile,0.99,6.99188871909086
2019-11-23,HHS Region 2,ili perc,1,2019-11-30,quantile,0.01,1.9647498018107885
2019-11-23,HHS Region 2,ili perc,1,2019-11-30,quantile,0.025,2.140795898242401
2019-11-23,HHS Region 2,ili perc,1,2019-11-30,quantile,0.05,2.21572083562767
2019-11-23,HHS Region 2,ili perc,1,2019-11-30,quantile,0.1,2.2487875883978656
2019-11-23,HHS Region 2,ili perc,1,2019-11-30,quantile,0.15,2.379870655037955
2019-11-23,HHS Region 2,ili perc,1,2019-11-30,quantile,0.2,2.4287835957962582
2019-11-23,HHS Region 2,ili perc,1,2019-11-30,quantile,0.25,2.60256426794489
2019-11-23,HHS Region 2,ili perc,1,2019-11-30,quantile,0.3,2.627927674632711
2019-11-23,HHS Region 2,ili perc,1,2019-11-30,quantile,0.35,2.6940583461376146
2019-11-23,HHS Region 2,ili perc,1,2019-11-30,quantile,0.4,2.7322154812456025
2019-11-23,HHS Region 2,ili perc,1,2019-11-30,quantile,0.45,2.792924102499937
2019-11-23,HHS Region 2,ili perc,1,2019-11-30,quantile,0.5,2.873605944640423
2019-11-23,HHS Region 2,ili perc,1,2019-11-30,quantile,0.55,2.978925557453012
2019-11-23,HHS Region 2,ili perc,1,2019-11-30,quantile,0.6,3.0331050459881825
2019-11-23,HHS Region 2,ili perc,1,2019-11-30,quantile,0.65,3.1114619568258055
2019-11-23,HHS Region 2,ili perc,1,2019-11-30,quantile,0.7,3.1922661516040987
2019-11-23,HHS Region 2,ili perc,1,2019-11-30,quantile,0.75,3.330788792609451
2019-11-23,HHS Region 2,ili perc,1,2019-11-30,quantile,0.8,3.3992208040041145
2019-11-23,HHS Region 2,ili perc,1,2019-11-30,quantile,0.85,3.544354161483976
2019-11-23,HHS Region 2,ili perc,1,2019-11-30,quantile,0.9,3.803642114167943
2019-11-23,HHS Region 2,ili perc,1,2019-11-30,quantile,0.95,4.033992703312807
2019-11-23,HHS Region 2,ili perc,1,2019-11-30,quantile,0.975,4.302511037359381
2019-11-23,HHS Region 2,ili perc,1,2019-11-30,quantile,0.99,4.794205961426188
2019-11-23,HHS Region 2,ili perc,2,2019-12-07,quantile,0.01,1.8054630076049438
2019-11-23,HHS Region 2,ili perc,2,2019-12-07,quantile,0.025,1.8406245610301184
2019-11-23,HHS Region 2,ili perc,2,2019-12-07,quantile,0.05,1.912290069592598
2019-11-23,HHS Region 2,ili perc,2,2019-12-07,quantile,0.1,2.1847580241104976
2019-11-23,HHS Region 2,ili perc,2,2019-12-07,quantile,0.15,2.3594090427916576
2019-11-23,HHS Region 2,ili perc,2,2019-12-07,quantile,0.2,2.4995963741062566
2019-11-23,HHS Region 2,ili perc,2,2019-12-07,quantile,0.25,2.665818906545523
2019-11-23,HHS Region 2,ili perc,2,2019-12-07,quantile,0.3,2.786106085416977
2019-11-23,HHS Region 2,ili perc,2,2019-12-07,quantile,0.35,2.858652827554293
2019-11-23,HHS Region 2,ili perc,2,2019-12-07,quantile,0.4,3.017853221493832
2019-11-23,HHS Region 2,ili perc,2,2019-12-07,quantile,0.45,3.0589637356240917
2019-11-23,HHS Region 2,ili perc,2,2019-12-07,quantile,0.5,3.131251592283631
2019-11-23,HHS Region 2,ili perc,2,2019-12-07,quantile,0.55,3.221803450691505
2019-11-23,HHS Region 2,ili perc,2,2019-12-07,quantile,0.6,3.3691132673758095
2019-11-23,HHS Region 2,ili perc,2,2019-12-07,quantile,0.65,3.6579714392036493
2019-11-23,HHS Region 2,ili perc,2,2019-12-07,quantile,0.7,3.8091127569176297
2019-11-23,HHS Region 2,ili perc,2,2019-12-07,quantile,0.75,4.071663904124894
2019-11-23,HHS Region 2,ili perc,2,2019-12-07,quantile,0.8,4.24160113488478
2019-11-23,HHS Region 2,ili perc,2,2019-12-07,quantile,0.85,4.384142049923911
2019-11-23,HHS Region 2,ili perc,2,2019-12-07,quantile,0.9,4.495687723109559
2019-11-23,HHS Region 2,ili perc,2,2019-12-07,quantile,0.95,4.91001227529039
2019-11-23,HHS Region 2,ili perc,2,2019-12-07,quantile,0.975,5.165690523157307
2019-11-23,HHS Region 2,ili perc,2,2019-12-07,quantile,0.99,5.661411949901606
2019-11-23,HHS Region 2,ili perc,3,2019-12-14,quantile,0.01,1.818787309830837
2019-11-23,HHS Region 2,ili perc,3,2019-12-14,quantile,0.025,1.8864618852815696
2019-11-23,HHS Region 2,ili perc,3,2019-12-14,quantile,0.05,2.005853409659627
2019-11-23,HHS Region 2,ili perc,3,2019-12-14,quantile,0.1,2.2381251569981306
2019-11-23,HHS Region 2,ili perc,3,2019-12-14,quantile,0.15,2.3411278113526093
2019-11-23,HHS Region 2,ili perc,3,2019-12-14,quantile,0.2,2.508510674397714
2019-11-23,HHS Region 2,ili perc,3,2019-12-14,quantile,0.25,2.6286300052034965
2019-11-23,HHS Region 2,ili perc,3,2019-12-14,quantile,0.3,2.8548404310428848
2019-11-23,HHS Region 2,ili perc,3,2019-12-14,quantile,0.35,2.9497045788284
2019-11-23,HHS Region 2,ili perc,3,2019-12-14,quantile,0.4,3.0865829918041596
2019-11-23,HHS Region 2,ili perc,3,2019-12-14,quantile,0.45,3.2123651364976347
2019-11-23,HHS Region 2,ili perc,3,2019-12-14,quantile,0.5,3.330158331556746
2019-11-23,HHS Region 2,ili perc,3,2019-12-14,quantile,0.55,3.4112338892744516
2019-11-23,HHS Region 2,ili perc,3,2019-12-14,quantile,0.6,3.5971975625852846
2019-11-23,HHS Region 2,ili perc,3,2019-12-14,quantile,0.65,3.7960650480875135
2019-11-23,HHS Region 2,ili perc,3,2019-12-14,quantile,0.7,3.914958322347366
2019-11-23,HHS Region 2,ili perc,3,2019-12-14,quantile,0.75,4.162755248160487
2019-11-23,HHS Region 2,ili perc,3,2019-12-14,quantile,0.8,4.516360274503027
2019-11-23,HHS Region 2,ili perc,3,2019-12-14,quantile,0.85,4.675399126557607
2019-11-23,HHS Region 2,ili perc,3,2019-12-14,quantile,0.9,4.855147442020412
2019-11-23,HHS Region 2,ili perc,3,2019-12-14,quantile,0.95,5.4498359140154164
2019-11-23,HHS Region 2,ili perc,3,2019-12-14,quantile,0.975,5.670050068370584
2019-11-23,HHS Region 2,ili perc,3,2019-12-14,quantile,0.99,5.8907331281031805
2019-11-23,HHS Region 2,ili perc,4,2019-12-21,quantile,0.01,1.8015353143304544
2019-11-23,HHS Region 2,ili perc,4,2019-12-21,quantile,0.025,2.029404166576765
2019-11-23,HHS Region 2,ili perc,4,2019-12-21,quantile,0.05,2.1825702847334205
2019-11-23,HHS Region 2,ili perc,4,2019-12-21,quantile,0.1,2.302953936247726
2019-11-23,HHS Region 2,ili perc,4,2019-12-21,quantile,0.15,2.388181485227163
2019-11-23,HHS Region 2,ili perc,4,2019-12-21,quantile,0.2,2.6243909252075013
2019-11-23,HHS Region 2,ili perc,4,2019-12-21,quantile,0.25,2.83482778408649
2019-11-23,HHS Region 2,ili perc,4,2019-12-21,quantile,0.3,3.058017549260095
2019-11-23,HHS Region 2,ili perc,4,2019-12-21,quantile,0.35,3.179499106670911
2019-11-23,HHS Region 2,ili perc,4,2019-12-21,quantile,0.4,3.2412094137464926
2019-11-23,HHS Region 2,ili perc,4,2019-12-21,quantile,0.45,3.485337805689248
2019-11-23,HHS Region 2,ili perc,4,2019-12-21,quantile,0.5,3.661184323380998
2019-11-23,HHS Region 2,ili perc,4,2019-12-21,quantile,0.55,3.7426111014334644
2019-11-23,HHS Region 2,ili perc,4,2019-12-21,quantile,0.6,3.9635721236926678
2019-11-23,HHS Region 2,ili perc,4,2019-12-21,quantile,0.65,4.246071414730637
2019-11-23,HHS Region 2,ili perc,4,2019-12-21,quantile,0.7,4.467285444212182
2019-11-23,HHS Region 2,ili perc,4,2019-12-21,quantile,0.75,4.571842146225017
2019-11-23,HHS Region 2,ili perc,4,2019-12-21,quantile,0.8,4.801962023043165
2019-11-23,HHS Region 2,ili perc,4,2019-12-21,quantile,0.85,5.088928253118458
2019-11-23,HHS Region 2,ili perc,4,2019-12-21,quantile,0.9,5.454166098293933
2019-11-23,HHS Region 2,ili perc,4,2019-12-21,quantile,0.95,6.452316576370969
2019-11-23,HHS Region 2,ili perc,4,2019-12-21,quantile,0.975,6.528275669490791
2019-11-23,HHS Region 2,ili perc,4,2019-12-21,quantile,0.99,6.6269510747868265
2019-11-23,HHS Region 3,ili perc,1,2019-11-30,quantile,0.01,1.4632836098728288
2019-11-23,HHS Region 3,ili perc,1,2019-11-30,quantile,0.025,1.5120176599463229
2019-11-23,HHS Region 3,ili perc,1,2019-11-30,quantile,0.05,1.5421888177328038
2019-11-23,HHS Region 3,ili perc,1,2019-11-30,quantile,0.1,1.7030325841283471
2019-11-23,HHS Region 3,ili perc,1,2019-11-30,quantile,0.15,1.7488762410900647
2019-11-23,HHS Region 3,ili perc,1,2019-11-30,quantile,0.2,1.8207856857058111
2019-11-23,HHS Region 3,ili perc,1,2019-11-30,quantile,0.25,1.8882332054445103
2019-11-23,HHS Region 3,ili perc,1,2019-11-30,quantile,0.3,1.949105677451286
2019-11-23,HHS Region 3,ili perc,1,2019-11-30,quantile,0.35,1.986427825578907
2019-11-23,HHS Region 3,ili perc,1,2019-11-30,quantile,0.4,2.0299586208557585
2019-11-23,HHS Region 3,ili perc,1,2019-11-30,quantile,0.45,2.070813226417154
2019-11-23,HHS Region 3,ili perc,1,2019-11-30,quantile,0.5,2.1111970529178508
2019-11-23,HHS Region 3,ili perc,1,2019-11-30,quantile,0.55,2.1520612264639603
2019-11-23,HHS Region 3,ili perc,1,2019-11-30,quantile,0.6,2.2129409511697187
2019-11-23,HHS Region 3,ili perc,1,2019-11-30,quantile,0.65,2.2421806537585125
2019-11-23,HHS Region 3,ili perc,1,2019-11-30,quantile,0.7,2.2877242795702024
2019-11-23,HHS Region 3,ili perc,1,2019-11-30,quantile,0.75,2.342176755078086
2019-11-23,HHS Region 3,ili perc,1,2019-11-30,quantile,0.8,2.381070941005241
2019-11-23,HHS Region 3,ili perc,1,2019-11-30,quantile,0.85,2.522758045117315
2019-11-23,HHS Region 3,ili perc,1,2019-11-30,quantile,0.9,2.6253512430854524
2019-11-23,HHS Region 3,ili perc,1,2019-11-30,quantile,0.95,2.7264899599627324
2019-11-23,HHS Region 3,ili perc,1,2019-11-30,quantile,0.975,2.8576945033732
2019-11-23,HHS Region 3,ili perc,1,2019-11-30,quantile,0.99,3.039189847237712
2019-11-23,HHS Region 3,ili perc,2,2019-12-07,quantile,0.01,1.4637448041907801
2019-11-23,HHS Region 3,ili perc,2,2019-12-07,quantile,0.025,1.4814554802000424
2019-11-23,HHS Region 3,ili perc,2,2019-12-07,quantile,0.05,1.5659785421140617
2019-11-23,HHS Region 3,ili perc,2,2019-12-07,quantile,0.1,1.6895317670356156
2019-11-23,HHS Region 3,ili perc,2,2019-12-07,quantile,0.15,1.7539722159141402
2019-11-23,HHS Region 3,ili perc,2,2019-12-07,quantile,0.2,1.8405869585811563
2019-11-23,HHS Region 3,ili perc,2,2019-12-07,quantile,0.25,1.9103105005062784
2019-11-23,HHS Region 3,ili perc,2,2019-12-07,quantile,0.3,2.0359540552917768
2019-11-23,HHS Region 3,ili perc,2,2019-12-07,quantile,0.35,2.08519011795224
2019-11-23,HHS Region 3,ili perc,2,2019-12-07,quantile,0.4,2.133145942102557
2019-11-23,HHS Region 3,ili perc,2,2019-12-07,quantile,0.45,2.1669571415578837
2019-11-23,HHS Region 3,ili perc,2,2019-12-07,quantile,0.5,2.235838259466365
2019-11-23,HHS Region 3,ili perc,2,2019-12-07,quantile,0.55,2.3028055786370727
2019-11-23,HHS Region 3,ili perc,2,2019-12-07,quantile,0.6,2.3360551191702528
2019-11-23,HHS Region 3,ili perc,2,2019-12-07,quantile,0.65,2.4024514752156914
2019-11-23,HHS Region 3,ili perc,2,2019-12-07,quantile,0.7,2.487500376119111
2019-11-23,HHS Region 3,ili perc,2,2019-12-07,quantile,0.75,2.6035719992585946
2019-11-23,HHS Region 3,ili perc,2,2019-12-07,quantile,0.8,2.688678549993966
2019-11-23,HHS Region 3,ili perc,2,2019-12-07,quantile,0.85,2.864894131694022
2019-11-23,HHS Region 3,ili perc,2,2019-12-07,quantile,0.9,3.1379918677818823
2019-11-23,HHS Region 3,ili perc,2,2019-12-07,quantile,0.95,3.311416977206602
2019-11-23,HHS Region 3,ili perc,2,2019-12-07,quantile,0.975,3.741800540251849
2019-11-23,HHS Region 3,ili perc,2,2019-12-07,quantile,0.99,3.9534171558206315
2019-11-23,HHS Region 3,ili perc,3,2019-12-14,quantile,0.01,1.799930276852397
2019-11-23,HHS Region 3,ili perc,3,2019-12-14,quantile,0.025,1.8976373041533718
2019-11-23,HHS Region 3,ili perc,3,2019-12-14,quantile,0.05,1.915455897315256
2019-11-23,HHS Region 3,ili perc,3,2019-12-14,quantile,0.1,2.069451519058218
2019-11-23,HHS Region 3,ili perc,3,2019-12-14,quantile,0.15,2.203216887404029
2019-11-23,HHS Region 3,ili perc,3,2019-12-14,quantile,0.2,2.240679325590305
2019-11-23,HHS Region 3,ili perc,3,2019-12-14,quantile,0.25,2.3110085075882987
2019-11-23,HHS Region 3,ili perc,3,2019-12-14,quantile,0.3,2.3848907545693736
2019-11-23,HHS Region 3,ili perc,3,2019-12-14,quantile,0.35,2.4333633947329067
2019-11-23,HHS Region 3,ili perc,3,2019-12-14,quantile,0.4,2.457513738662008
2019-11-23,HHS Region 3,ili perc,3,2019-12-14,quantile,0.45,2.5177562267732547
2019-11-23,HHS Region 3,ili perc,3,2019-12-14,quantile,0.5,2.610215808340741
2019-11-23,HHS Region 3,ili perc,3,2019-12-14,quantile,0.55,2.6988096497452023
2019-11-23,HHS Region 3,ili perc,3,2019-12-14,quantile,0.6,2.8553900322357073
2019-11-23,HHS Region 3,ili perc,3,2019-12-14,quantile,0.65,2.953211132399069
2019-11-23,HHS Region 3,ili perc,3,2019-12-14,quantile,0.7,3.054132975667374
2019-11-23,HHS Region 3,ili perc,3,2019-12-14,quantile,0.75,3.185325669244299
2019-11-23,HHS Region 3,ili perc,3,2019-12-14,quantile,0.8,3.5042735611737963
2019-11-23,HHS Region 3,ili perc,3,2019-12-14,quantile,0.85,3.7073161576203626
2019-11-23,HHS Region 3,ili perc,3,2019-12-14,quantile,0.9,3.898473053459038
2019-11-23,HHS Region 3,ili perc,3,2019-12-14,quantile,0.95,4.084945747662293
2019-11-23,HHS Region 3,ili perc,3,2019-12-14,quantile,0.975,4.524510807533626
2019-11-23,HHS Region 3,ili perc,3,2019-12-14,quantile,0.99,5.317388201763286
2019-11-23,HHS Region 3,ili perc,4,2019-12-21,quantile,0.01,1.6839016223925891
2019-11-23,HHS Region 3,ili perc,4,2019-12-21,quantile,0.025,1.8106947015320698
2019-11-23,HHS Region 3,ili perc,4,2019-12-21,quantile,0.05,1.997943921533015
2019-11-23,HHS Region 3,ili perc,4,2019-12-21,quantile,0.1,2.251835858551026
2019-11-23,HHS Region 3,ili perc,4,2019-12-21,quantile,0.15,2.4136177638970873
2019-11-23,HHS Region 3,ili perc,4,2019-12-21,quantile,0.2,2.4672743448450194
2019-11-23,HHS Region 3,ili perc,4,2019-12-21,quantile,0.25,2.5985113951361614
2019-11-23,HHS Region 3,ili perc,4,2019-12-21,quantile,0.3,2.676814096187153
2019-11-23,HHS Region 3,ili perc,4,2019-12-21,quantile,0.35,2.750342502581702
2019-11-23,HHS Region 3,ili perc,4,2019-12-21,quantile,0.4,2.8387358667713922
2019-11-23,HHS Region 3,ili perc,4,2019-12-21,quantile,0.45,2.9351610916984407
2019-11-23,HHS Region 3,ili perc,4,2019-12-21,quantile,0.5,3.1063062357138955
2019-11-23,HHS Region 3,ili perc,4,2019-12-21,quantile,0.55,3.176170769682175
2019-11-23,HHS Region 3,ili perc,4,2019-12-21,quantile,0.6,3.2731774980464765
2019-11-23,HHS Region 3,ili perc,4,2019-12-21,quantile,0.65,3.440917050859097
2019-11-23,HHS Region 3,ili perc,4,2019-12-21,quantile,0.7,3.610485218707788
2019-11-23,HHS Region 3,ili perc,4,2019-12-21,quantile,0.75,3.6705955087642246
2019-11-23,HHS Region 3,ili perc,4,2019-12-21,quantile,0.8,3.884272425973379
2019-11-23,HHS Region 3,ili perc,4,2019-12-21,quantile,0.85,4.2673243196118475
2019-11-23,HHS Region 3,ili perc,4,2019-12-21,quantile,0.9,4.624658809729096
2019-11-23,HHS Region 3,ili perc,4,2019-12-21,quantile,0.95,4.995630429046311
2019-11-23,HHS Region 3,ili perc,4,2019-12-21,quantile,0.975,5.4646489914026954
2019-11-23,HHS Region 3,ili perc,4,2019-12-21,quantile,0.99,6.029657074906763
2019-11-23,HHS Region 4,ili perc,1,2019-11-30,quantile,0.01,2.4529997402941324
2019-11-23,HHS Region 4,ili perc,1,2019-11-30,quantile,0.025,2.4879955087602403
2019-11-23,HHS Region 4,ili perc,1,2019-11-30,quantile,0.05,2.6837905135904783
2019-11-23,HHS Region 4,ili perc,1,2019-11-30,quantile,0.1,2.913112931492099
2019-11-23,HHS Region 4,ili perc,1,2019-11-30,quantile,0.15,2.9584714369912923
2019-11-23,HHS Region 4,ili perc,1,2019-11-30,quantile,0.2,3.086967395634495
2019-11-23,HHS Region 4,ili perc,1,2019-11-30,quantile,0.25,3.1690105954641394
2019-11-23,HHS Region 4,ili perc,1,2019-11-30,quantile,0.3,3.216813666402739
2019-11-23,HHS Region 4,ili perc,1,2019-11-30,quantile,0.35,3.265501363570826
2019-11-23,HHS Region 4,ili perc,1,2019-11-30,quantile,0.4,3.3612435891391392
2019-11-23,HHS Region 4,ili perc,1,2019-11-30,quantile,0.45,3.388596394338837
2019-11-23,HHS Region 4,ili perc,1,2019-11-30,quantile,0.5,3.4177046481735944
2019-11-23,HHS Region 4,ili perc,1,2019-11-30,quantile,0.55,3.5241744932086947
2019-11-23,HHS Region 4,ili perc,1,2019-11-30,quantile,0.6,3.634864707057354
2019-11-23,HHS Region 4,ili perc,1,2019-11-30,quantile,0.65,3.720050631261147
2019-11-23,HHS Region 4,ili perc,1,2019-11-30,quantile,0.7,3.759014983041064
2019-11-23,HHS Region 4,ili perc,1,2019-11-30,quantile,0.75,3.7929583151428226
2019-11-23,HHS Region 4,ili perc,1,2019-11-30,quantile,0.8,3.8907880325888424
2019-11-23,HHS Region 4,ili perc,1,2019-11-30,quantile,0.85,3.982959479248378
2019-11-23,HHS Region 4,ili perc,1,2019-11-30,quantile,0.9,4.105882385969231
2019-11-23,HHS Region 4,ili perc,1,2019-11-30,quantile,0.95,4.438488138325937
2019-11-23,HHS Region 4,ili perc,1,2019-11-30,quantile,0.975,4.500943582482567
2019-11-23,HHS Region 4,ili perc,1,2019-11-30,quantile,0.99,4.666296742477048
2019-11-23,HHS Region 4,ili perc,2,2019-12-07,quantile,0.01,2.457380952315527
2019-11-23,HHS Region 4,ili perc,2,2019-12-07,quantile,0.025,2.5521883344589216
2019-11-23,HHS Region 4,ili perc,2,2019-12-07,quantile,0.05,2.709108821180844
2019-11-23,HHS Region 4,ili perc,2,2019-12-07,quantile,0.1,2.953437034420464
2019-11-23,HHS Region 4,ili perc,2,2019-12-07,quantile,0.15,3.1691308383097287
2019-11-23,HHS Region 4,ili perc,2,2019-12-07,quantile,0.2,3.2500263394774676
2019-11-23,HHS Region 4,ili perc,2,2019-12-07,quantile,0.25,3.3702868158715122
2019-11-23,HHS Region 4,ili perc,2,2019-12-07,quantile,0.3,3.517242264274187
2019-11-23,HHS Region 4,ili perc,2,2019-12-07,quantile,0.35,3.606750074555216
2019-11-23,HHS Region 4,ili perc,2,2019-12-07,quantile,0.4,3.7421179504864037
2019-11-23,HHS Region 4,ili perc,2,2019-12-07,quantile,0.45,3.895876253691703
2019-11-23,HHS Region 4,ili perc,2,2019-12-07,quantile,0.5,3.9879345902820136
2019-11-23,HHS Region 4,ili perc,2,2019-12-07,quantile,0.55,4.020662332575892
2019-11-23,HHS Region 4,ili perc,2,2019-12-07,quantile,0.6,4.086030349299483
2019-11-23,HHS Region 4,ili perc,2,2019-12-07,quantile,0.65,4.114435041984093
2019-11-23,HHS Region 4,ili perc,2,2019-12-07,quantile,0.7,4.161648450972213
2019-11-23,HHS Region 4,ili perc,2,2019-12-07,quantile,0.75,4.271498742556925
2019-11-23,HHS Region 4,ili perc,2,2019-12-07,quantile,0.8,4.416886618476565
2019-11-23,HHS Region 4,ili perc,2,2019-12-07,quantile,0.85,4.592367748375089
2019-11-23,HHS Region 4,ili perc,2,2019-12-07,quantile,0.9,4.838049208362606
2019-11-23,HHS Region 4,ili perc,2,2019-12-07,quantile,0.95,5.030348768327736
2019-11-23,HHS Region 4,ili perc,2,2019-12-07,quantile,0.975,5.272642493319172
2019-11-23,HHS Region 4,ili perc,2,2019-12-07,quantile,0.99,5.383552511985677
2019-11-23,HHS Region 4,ili perc,3,2019-12-14,quantile,0.01,2.644248366805386
2019-11-23,HHS Region 4,ili perc,3,2019-12-14,quantile,0.025,2.8841503261207753
2019-11-23,HHS Region 4,ili perc,3,2019-12-14,quantile,0.05,2.9497594397053692
2019-11-23,HHS Region 4,ili perc,3,2019-12-14,quantile,0.1,3.219175782943449
2019-11-23,HHS Region 4,ili perc,3,2019-12-14,quantile,0.15,3.523872581924878
2019-11-23,HHS Region 4,ili perc,3,2019-12-14,quantile,0.2,3.652668765121844
2019-11-23,HHS Region 4,ili perc,3,2019-12-14,quantile,0.25,3.8000744600335614
2019-11-23,HHS Region 4,ili perc,3,2019-12-14,quantile,0.3,3.92110001863039
2019-11-23,HHS Region 4,ili perc,3,2019-12-14,quantile,0.35,4.028956007360776
2019-11-23,HHS Region 4,ili perc,3,2019-12-14,quantile,0.4,4.145344765488152
2019-11-23,HHS Region 4,ili perc,3,2019-12-14,quantile,0.45,4.220775411024747
2019-11-23,HHS Region 4,ili perc,3,2019-12-14,quantile,0.5,4.327278296173672
2019-11-23,HHS Region 4,ili perc,3,2019-12-14,quantile,0.55,4.437542519642497
2019-11-23,HHS Region 4,ili perc,3,2019-12-14,quantile,0.6,4.57559053241024
2019-11-23,HHS Region 4,ili perc,3,2019-12-14,quantile,0.65,4.854670108776589
2019-11-23,HHS Region 4,ili perc,3,2019-12-14,quantile,0.7,4.920756849338707
2019-11-23,HHS Region 4,ili perc,3,2019-12-14,quantile,0.75,5.064482330474798
2019-11-23,HHS Region 4,ili perc,3,2019-12-14,quantile,0.8,5.224266973268216
2019-11-23,HHS Region 4,ili perc,3,2019-12-14,quantile,0.85,5.507855514904231
2019-11-23,HHS Region 4,ili perc,3,2019-12-14,quantile,0.9,5.792266255704181
2019-11-23,HHS Region 4,ili perc,3,2019-12-14,quantile,0.95,6.140401514409521
2019-11-23,HHS Region 4,ili perc,3,2019-12-14,quantile,0.975,6.271213734350342
2019-11-23,HHS Region 4,ili perc,3,2019-12-14,quantile,0.99,6.390144960223495
2019-11-23,HHS Region 4,ili perc,4,2019-12-21,quantile,0.01,2.39995119656917
2019-11-23,HHS Region 4,ili perc,4,2019-12-21,quantile,0.025,2.5668605167024614
2019-11-23,HHS Region 4,ili perc,4,2019-12-21,quantile,0.05,2.7768856578907615
2019-11-23,HHS Region 4,ili perc,4,2019-12-21,quantile,0.1,3.3131753285877306
2019-11-23,HHS Region 4,ili perc,4,2019-12-21,quantile,0.15,3.558775196605395
2019-11-23,HHS Region 4,ili perc,4,2019-12-21,quantile,0.2,3.714344589321243
2019-11-23,HHS Region 4,ili perc,4,2019-12-21,quantile,0.25,3.9123919589734397
2019-11-23,HHS Region 4,ili perc,4,2019-12-21,quantile,0.3,4.060019952805474
2019-11-23,HHS Region 4,ili perc,4,2019-12-21,quantile,0.35,4.144774791393497
2019-11-23,HHS Region 4,ili perc,4,2019-12-21,quantile,0.4,4.255000964786553
2019-11-23,HHS Region 4,ili perc,4,2019-12-21,quantile,0.45,4.322727305475066
2019-11-23,HHS Region 4,ili perc,4,2019-12-21,quantile,0.5,4.4431841543411705
2019-11-23,HHS Region 4,ili perc,4,2019-12-21,quantile,0.55,4.619418273888319
2019-11-23,HHS Region 4,ili perc,4,2019-12-21,quantile,0.6,4.76561249061528
2019-11-23,HHS Region 4,ili perc,4,2019-12-21,quantile,0.65,4.939546818815462
2019-11-23,HHS Region 4,ili perc,4,2019-12-21,quantile,0.7,5.2066055933426325
2019-11-23,HHS Region 4,ili perc,4,2019-12-21,quantile,0.75,5.335908601600068
2019-11-23,HHS Region 4,ili perc,4,2019-12-21,quantile,0.8,5.479510899470448
2019-11-23,HHS Region 4,ili perc,4,2019-12-21,quantile,0.85,5.731782264680877
2019-11-23,HHS Region 4,ili perc,4,2019-12-21,quantile,0.9,5.892005595483321
2019-11-23,HHS Region 4,ili perc,4,2019-12-21,quantile,0.95,6.291996698176664
2019-11-23,HHS Region 4,ili perc,4,2019-12-21,quantile,0.975,6.782556326850614
2019-11-23,HHS Region 4,ili perc,4,2019-12-21,quantile,0.99,7.824948213517552
2019-11-23,HHS Region 5,ili perc,1,2019-11-30,quantile,0.01,1.082158869096499
2019-11-23,HHS Region 5,ili perc,1,2019-11-30,quantile,0.025,1.1883073159215187
2019-11-23,HHS Region 5,ili perc,1,2019-11-30,quantile,0.05,1.3385004476478095
2019-11-23,HHS Region 5,ili perc,1,2019-11-30,quantile,0.1,1.4549374302981628
2019-11-23,HHS Region 5,ili perc,1,2019-11-30,quantile,0.15,1.4857552331382655
2019-11-23,HHS Region 5,ili perc,1,2019-11-30,quantile,0.2,1.5361827106105819
2019-11-23,HHS Region 5,ili perc,1,2019-11-30,quantile,0.25,1.5748660598770372
2019-11-23,HHS Region 5,ili perc,1,2019-11-30,quantile,0.3,1.5903752057996843
2019-11-23,HHS Region 5,ili perc,1,2019-11-30,quantile,0.35,1.6069573718239405
2019-11-23,HHS Region 5,ili perc,1,2019-11-30,quantile,0.4,1.6327064999766492
2019-11-23,HHS Region 5,ili perc,1,2019-11-30,quantile,0.45,1.6627950060369476
2019-11-23,HHS Region 5,ili perc,1,2019-11-30,quantile,0.5,1.7013023272810242
2019-11-23,HHS Region 5,ili perc,1,2019-11-30,quantile,0.55,1.728839848113558
2019-11-23,HHS Region 5,ili perc,1,2019-11-30,quantile,0.6,1.7808714736936027
2019-11-23,HHS Region 5,ili perc,1,2019-11-30,quantile,0.65,1.8462564477173835
2019-11-23,HHS Region 5,ili perc,1,2019-11-30,quantile,0.7,1.8642027368017393
2019-11-23,HHS Region 5,ili perc,1,2019-11-30,quantile,0.75,1.8951568720925684
2019-11-23,HHS Region 5,ili perc,1,2019-11-30,quantile,0.8,1.9347452552366722
2019-11-23,HHS Region 5,ili perc,1,2019-11-30,quantile,0.85,2.029255030961202
2019-11-23,HHS Region 5,ili perc,1,2019-11-30,quantile,0.9,2.1583496521111827
2019-11-23,HHS Region 5,ili perc,1,2019-11-30,quantile,0.95,2.258024034382044
2019-11-23,HHS Region 5,ili perc,1,2019-11-30,quantile,0.975,2.3385618078259505
2019-11-23,HHS Region 5,ili perc,1,2019-11-30,quantile,0.99,2.4742008175313592
2019-11-23,HHS Region 5,ili perc,2,2019-12-07,quantile,0.01,1.1200404379680664
2019-11-23,HHS Region 5,ili perc,2,2019-12-07,quantile,0.025,1.1727979338956325
2019-11-23,HHS Region 5,ili perc,2,2019-12-07,quantile,0.05,1.2718004780306946
2019-11-23,HHS Region 5,ili perc,2,2019-12-07,quantile,0.1,1.5150033020672855
2019-11-23,HHS Region 5,ili perc,2,2019-12-07,quantile,0.15,1.5668556880168971
2019-11-23,HHS Region 5,ili perc,2,2019-12-07,quantile,0.2,1.6794597458529452
2019-11-23,HHS Region 5,ili perc,2,2019-12-07,quantile,0.25,1.741758481182798
2019-11-23,HHS Region 5,ili perc,2,2019-12-07,quantile,0.3,1.770710401528453
2019-11-23,HHS Region 5,ili perc,2,2019-12-07,quantile,0.35,1.8040569417572896
2019-11-23,HHS Region 5,ili perc,2,2019-12-07,quantile,0.4,1.8428188477628908
2019-11-23,HHS Region 5,ili perc,2,2019-12-07,quantile,0.45,1.9309042918099393
2019-11-23,HHS Region 5,ili perc,2,2019-12-07,quantile,0.5,2.023422770027505
2019-11-23,HHS Region 5,ili perc,2,2019-12-07,quantile,0.55,2.0638905033616597
2019-11-23,HHS Region 5,ili perc,2,2019-12-07,quantile,0.6,2.1416252898420645
2019-11-23,HHS Region 5,ili perc,2,2019-12-07,quantile,0.65,2.245900041467292
2019-11-23,HHS Region 5,ili perc,2,2019-12-07,quantile,0.7,2.296396157191979
2019-11-23,HHS Region 5,ili perc,2,2019-12-07,quantile,0.75,2.358503410305392
2019-11-23,HHS Region 5,ili perc,2,2019-12-07,quantile,0.8,2.464068700357031
2019-11-23,HHS Region 5,ili perc,2,2019-12-07,quantile,0.85,2.541656869192714
2019-11-23,HHS Region 5,ili perc,2,2019-12-07,quantile,0.9,2.6663817208053864
2019-11-23,HHS Region 5,ili perc,2,2019-12-07,quantile,0.95,2.9418943757842055
2019-11-23,HHS Region 5,ili perc,2,2019-12-07,quantile,0.975,3.2263505754686332
2019-11-23,HHS Region 5,ili perc,2,2019-12-07,quantile,0.99,3.551456092904496
2019-11-23,HHS Region 5,ili perc,3,2019-12-14,quantile,0.01,0.981860877433333
2019-11-23,HHS Region 5,ili perc,3,2019-12-14,quantile,0.025,1.1656443625758441
2019-11-23,HHS Region 5,ili perc,3,2019-12-14,quantile,0.05,1.3921174690584093
2019-11-23,HHS Region 5,ili perc,3,2019-12-14,quantile,0.1,1.6061432499248935
2019-11-23,HHS Region 5,ili perc,3,2019-12-14,quantile,0.15,1.6584900777287408
2019-11-23,HHS Region 5,ili perc,3,2019-12-14,quantile,0.2,1.8511400178397046
2019-11-23,HHS Region 5,ili perc,3,2019-12-14,quantile,0.25,1.8900929053585047
2019-11-23,HHS Region 5,ili perc,3,2019-12-14,quantile,0.3,1.9829314079582216
2019-11-23,HHS Region 5,ili perc,3,2019-12-14,quantile,0.35,2.0361764599362635
2019-11-23,HHS Region 5,ili perc,3,2019-12-14,quantile,0.4,2.1668019180573084
2019-11-23,HHS Region 5,ili perc,3,2019-12-14,quantile,0.45,2.193897387195106
2019-11-23,HHS Region 5,ili perc,3,2019-12-14,quantile,0.5,2.286319746088246
2019-11-23,HHS Region 5,ili perc,3,2019-12-14,quantile,0.55,2.375961197543475
2019-11-23,HHS Region 5,ili perc,3,2019-12-14,quantile,0.6,2.4374430329332712
2019-11-23,HHS Region 5,ili perc,3,2019-12-14,quantile,0.65,2.534279552777707
2019-11-23,HHS Region 5,ili perc,3,2019-12-14,quantile,0.7,2.6735927821111636
2019-11-23,HHS Region 5,ili perc,3,2019-12-14,quantile,0.75,2.754156613334292
2019-11-23,HHS Region 5,ili perc,3,2019-12-14,quantile,0.8,3.010356083859186
2019-11-23,HHS Region 5,ili perc,3,2019-12-14,quantile,0.85,3.075388292939561
2019-11-23,HHS Region 5,ili perc,3,2019-12-14,quantile,0.9,3.371258988070967
2019-11-23,HHS Region 5,ili perc,3,2019-12-14,quantile,0.95,3.7792009495825627
2019-11-23,HHS Region 5,ili perc,3,2019-12-14,quantile,0.975,3.9893075462833636
2019-11-23,HHS Region 5,ili perc,3,2019-12-14,quantile,0.99,4.054410416198653
2019-11-23,HHS Region 5,ili perc,4,2019-12-21,quantile,0.01,1.074246348052481
2019-11-23,HHS Region 5,ili perc,4,2019-12-21,quantile,0.025,1.2294107832019208
2019-11-23,HHS Region 5,ili perc,4,2019-12-21,quantile,0.05,1.5714650752658599
2019-11-23,HHS Region 5,ili perc,4,2019-12-21,quantile,0.1,1.6983090454183847
2019-11-23,HHS Region 5,ili perc,4,2019-12-21,quantile,0.15,1.8843995638460294
2019-11-23,HHS Region 5,ili perc,4,2019-12-21,quantile,0.2,1.9629407566310246
2019-11-23,HHS Region 5,ili perc,4,2019-12-21,quantile,0.25,2.1079150667279745
2019-11-23,HHS Region 5,ili perc,4,2019-12-21,quantile,0.3,2.152793242443239
2019-11-23,HHS Region 5,ili perc,4,2019-12-21,quantile,0.35,2.220627025172008
2019-11-23,HHS Region 5,ili perc,4,2019-12-21,quantile,0.4,2.2939830677543527
2019-11-23,HHS Region 5,ili perc,4,2019-12-21,quantile,0.45,2.344697943857908
2019-11-23,HHS Region 5,ili perc,4,2019-12-21,quantile,0.5,2.5051532389797107
2019-11-23,HHS Region 5,ili perc,4,2019-12-21,quantile,0.55,2.6297074974408274
2019-11-23,HHS Region 5,ili perc,4,2019-12-21,quantile,0.6,2.759948927941334
2019-11-23,HHS Region 5,ili perc,4,2019-12-21,quantile,0.65,2.928532675142594
2019-11-23,HHS Region 5,ili perc,4,2019-12-21,quantile,0.7,3.1650037308547443
2019-11-23,HHS Region 5,ili perc,4,2019-12-21,quantile,0.75,3.3687601654342787
2019-11-23,HHS Region 5,ili perc,4,2019-12-21,quantile,0.8,3.5680943574509043
2019-11-23,HHS Region 5,ili perc,4,2019-12-21,quantile,0.85,3.7623615056939905
2019-11-23,HHS Region 5,ili perc,4,2019-12-21,quantile,0.9,4.07521244304116
2019-11-23,HHS Region 5,ili perc,4,2019-12-21,quantile,0.95,4.433575393683295
2019-11-23,HHS Region 5,ili perc,4,2019-12-21,quantile,0.975,4.761152333309306
2019-11-23,HHS Region 5,ili perc,4,2019-12-21,quantile,0.99,5.577037158891702
2019-11-23,HHS Region 6,ili perc,1,2019-11-30,quantile,0.01,4.7608326536148615
2019-11-23,HHS Region 6,ili perc,1,2019-11-30,quantile,0.025,4.98505635657456
2019-11-23,HHS Region 6,ili perc,1,2019-11-30,quantile,0.05,5.0828362038047
2019-11-23,HHS Region 6,ili perc,1,2019-11-30,quantile,0.1,5.366454102469709
2019-11-23,HHS Region 6,ili perc,1,2019-11-30,quantile,0.15,5.465531187238406
2019-11-23,HHS Region 6,ili perc,1,2019-11-30,quantile,0.2,5.761455223626836
2019-11-23,HHS Region 6,ili perc,1,2019-11-30,quantile,0.25,5.863368069926112
2019-11-23,HHS Region 6,ili perc,1,2019-11-30,quantile,0.3,6.004534067846738
2019-11-23,HHS Region 6,ili perc,1,2019-11-30,quantile,0.35,6.217106433600479
2019-11-23,HHS Region 6,ili perc,1,2019-11-30,quantile,0.4,6.308305169614919
2019-11-23,HHS Region 6,ili perc,1,2019-11-30,quantile,0.45,6.372032511108479
2019-11-23,HHS Region 6,ili perc,1,2019-11-30,quantile,0.5,6.454113145010345
2019-11-23,HHS Region 6,ili perc,1,2019-11-30,quantile,0.55,6.602104606987941
2019-11-23,HHS Region 6,ili perc,1,2019-11-30,quantile,0.6,6.674920965533497
2019-11-23,HHS Region 6,ili perc,1,2019-11-30,quantile,0.65,6.828380132158411
2019-11-23,HHS Region 6,ili perc,1,2019-11-30,quantile,0.7,6.898363034669988
2019-11-23,HHS Region 6,ili perc,1,2019-11-30,quantile,0.75,6.981358390545043
2019-11-23,HHS Region 6,ili perc,1,2019-11-30,quantile,0.8,7.171048088795514
2019-11-23,HHS Region 6,ili perc,1,2019-11-30,quantile,0.85,7.3797080385205565
2019-11-23,HHS Region 6,ili perc,1,2019-11-30,quantile,0.9,7.654022778493915
2019-11-23,HHS Region 6,ili perc,1,2019-11-30,quantile,0.95,8.190400194281548
2019-11-23,HHS Region 6,ili perc,1,2019-11-30,quantile,0.975,8.7974585530407
2019-11-23,HHS Region 6,ili perc,1,2019-11-30,quantile,0.99,9.707658054580756
2019-11-23,HHS Region 6,ili perc,2,2019-12-07,quantile,0.01,4.604460301589807
2019-11-23,HHS Region 6,ili perc,2,2019-12-07,quantile,0.025,4.822326543439965
2019-11-23,HHS Region 6,ili perc,2,2019-12-07,quantile,0.05,5.2272032418814245
2019-11-23,HHS Region 6,ili perc,2,2019-12-07,quantile,0.1,5.742534735055976
2019-11-23,HHS Region 6,ili perc,2,2019-12-07,quantile,0.15,6.306544161172841
2019-11-23,HHS Region 6,ili perc,2,2019-12-07,quantile,0.2,6.688471823000665
2019-11-23,HHS Region 6,ili perc,2,2019-12-07,quantile,0.25,6.816253039751403
2019-11-23,HHS Region 6,ili perc,2,2019-12-07,quantile,0.3,7.052788415975497
2019-11-23,HHS Region 6,ili perc,2,2019-12-07,quantile,0.35,7.3033642703855035
2019-11-23,HHS Region 6,ili perc,2,2019-12-07,quantile,0.4,7.505843253737723
2019-11-23,HHS Region 6,ili perc,2,2019-12-07,quantile,0.45,7.612098041576022
2019-11-23,HHS Region 6,ili perc,2,2019-12-07,quantile,0.5,7.976826850918976
2019-11-23,HHS Region 6,ili perc,2,2019-12-07,quantile,0.55,8.142368097021047
2019-11-23,HHS Region 6,ili perc,2,2019-12-07,quantile,0.6,8.374772286815881
2019-11-23,HHS Region 6,ili perc,2,2019-12-07,quantile,0.65,8.613982962278158
2019-11-23,HHS Region 6,ili perc,2,2019-12-07,quantile,0.7,8.82208433064621
2019-11-23,HHS Region 6,ili perc,2,2019-12-07,quantile,0.75,9.10700396313917
2019-11-23,HHS Region 6,ili perc,2,2019-12-07,quantile,0.8,9.369458291509124
2019-11-23,HHS Region 6,ili perc,2,2019-12-07,quantile,0.85,9.654693118887758
2019-11-23,HHS Region 6,ili perc,2,2019-12-07,quantile,0.9,9.933522189893823
2019-11-23,HHS Region 6,ili perc,2,2019-12-07,quantile,0.95,11.496214276046322
2019-11-23,HHS Region 6,ili perc,2,2019-12-07,quantile,0.975,12.376002079977543
2019-11-23,HHS Region 6,ili perc,2,2019-12-07,quantile,0.99,13.113382284903885
2019-11-23,HHS Region 6,ili perc,3,2019-12-14,quantile,0.01,4.960012403858312
2019-11-23,HHS Region 6,ili perc,3,2019-12-14,quantile,0.025,5.534100431467811
2019-11-23,HHS Region 6,ili perc,3,2019-12-14,quantile,0.05,6.185119526890192
2019-11-23,HHS Region 6,ili perc,3,2019-12-14,quantile,0.1,6.5773977233874135
2019-11-23,HHS Region 6,ili perc,3,2019-12-14,quantile,0.15,7.0939431864023526
2019-11-23,HHS Region 6,ili perc,3,2019-12-14,quantile,0.2,7.54795733386294
2019-11-23,HHS Region 6,ili perc,3,2019-12-14,quantile,0.25,7.975141680472188
2019-11-23,HHS Region 6,ili perc,3,2019-12-14,quantile,0.3,8.145817214556907
2019-11-23,HHS Region 6,ili perc,3,2019-12-14,quantile,0.35,8.464363891695083
2019-11-23,HHS Region 6,ili perc,3,2019-12-14,quantile,0.4,8.674330923241289
2019-11-23,HHS Region 6,ili perc,3,2019-12-14,quantile,0.45,9.061755803261178
2019-11-23,HHS Region 6,ili perc,3,2019-12-14,quantile,0.5,9.185239526641011
2019-11-23,HHS Region 6,ili perc,3,2019-12-14,quantile,0.55,9.510744978795591
2019-11-23,HHS Region 6,ili perc,3,2019-12-14,quantile,0.6,9.85565161421232
2019-11-23,HHS Region 6,ili perc,3,2019-12-14,quantile,0.65,10.118546602130385
2019-11-23,HHS Region 6,ili perc,3,2019-12-14,quantile,0.7,10.567233946503796
2019-11-23,HHS Region 6,ili perc,3,2019-12-14,quantile,0.75,10.95409961299042
2019-11-23,HHS Region 6,ili perc,3,2019-12-14,quantile,0.8,11.270019894504197
2019-11-23,HHS Region 6,ili perc,3,2019-12-14,quantile,0.85,11.5012133083633
2019-11-23,HHS Region 6,ili perc,3,2019-12-14,quantile,0.9,12.260605486759022
2019-11-23,HHS Region 6,ili perc,3,2019-12-14,quantile,0.95,13.451927730227297
2019-11-23,HHS Region 6,ili perc,3,2019-12-14,quantile,0.975,13.937331076200321
2019-11-23,HHS Region 6,ili perc,3,2019-12-14,quantile,0.99,14.666556961613567
2019-11-23,HHS Region 6,ili perc,4,2019-12-21,quantile,0.01,4.771551668674674
2019-11-23,HHS Region 6,ili perc,4,2019-12-21,quantile,0.025,4.945848811652699
2019-11-23,HHS Region 6,ili perc,4,2019-12-21,quantile,0.05,5.690186701335229
2019-11-23,HHS Region 6,ili perc,4,2019-12-21,quantile,0.1,6.274850246967071
2019-11-23,HHS Region 6,ili perc,4,2019-12-21,quantile,0.15,6.993248927781586
2019-11-23,HHS Region 6,ili perc,4,2019-12-21,quantile,0.2,7.314296155706831
2019-11-23,HHS Region 6,ili perc,4,2019-12-21,quantile,0.25,7.622014674028112
2019-11-23,HHS Region 6,ili perc,4,2019-12-21,quantile,0.3,8.116834830552301
2019-11-23,HHS Region 6,ili perc,4,2019-12-21,quantile,0.35,8.321682294642933
2019-11-23,HHS Region 6,ili perc,4,2019-12-21,quantile,0.4,8.689661037106582
2019-11-23,HHS Region 6,ili perc,4,2019-12-21,quantile,0.45,8.993022453647239
2019-11-23,HHS Region 6,ili perc,4,2019-12-21,quantile,0.5,9.145623466852765
2019-11-23,HHS Region 6,ili perc,4,2019-12-21,quantile,0.55,9.362442075267563
2019-11-23,HHS Region 6,ili perc,4,2019-12-21,quantile,0.6,9.740751540043064
2019-11-23,HHS Region 6,ili perc,4,2019-12-21,quantile,0.65,10.215222495473746
2019-11-23,HHS Region 6,ili perc,4,2019-12-21,quantile,0.7,10.519829995280428
2019-11-23,HHS Region 6,ili perc,4,2019-12-21,quantile,0.75,10.97240324738309
2019-11-23,HHS Region 6,ili perc,4,2019-12-21,quantile,0.8,11.65702907629094
2019-11-23,HHS Region 6,ili perc,4,2019-12-21,quantile,0.85,12.046738032005168
2019-11-23,HHS Region 6,ili perc,4,2019-12-21,quantile,0.9,12.81825057644957
2019-11-23,HHS Region 6,ili perc,4,2019-12-21,quantile,0.95,13.445496448451022
2019-11-23,HHS Region 6,ili perc,4,2019-12-21,quantile,0.975,15.02512649400737
2019-11-23,HHS Region 6,ili perc,4,2019-12-21,quantile,0.99,17.3072632456795
2019-11-23,HHS Region 7,ili perc,1,2019-11-30,quantile,0.01,0.764270645736906
2019-11-23,HHS Region 7,ili perc,1,2019-11-30,quantile,0.025,0.7925329096222127
2019-11-23,HHS Region 7,ili perc,1,2019-11-30,quantile,0.05,0.8895525891222833
2019-11-23,HHS Region 7,ili perc,1,2019-11-30,quantile,0.1,1.004675464768182
2019-11-23,HHS Region 7,ili perc,1,2019-11-30,quantile,0.15,1.05897935612005
2019-11-23,HHS Region 7,ili perc,1,2019-11-30,quantile,0.2,1.1434471451125185
2019-11-23,HHS Region 7,ili perc,1,2019-11-30,quantile,0.25,1.2081597803836257
2019-11-23,HHS Region 7,ili perc,1,2019-11-30,quantile,0.3,1.232234263959009
2019-11-23,HHS Region 7,ili perc,1,2019-11-30,quantile,0.35,1.2846384611434218
2019-11-23,HHS Region 7,ili perc,1,2019-11-30,quantile,0.4,1.3586693299003132
2019-11-23,HHS Region 7,ili perc,1,2019-11-30,quantile,0.45,1.3998440106360037
2019-11-23,HHS Region 7,ili perc,1,2019-11-30,quantile,0.5,1.5129608655261855
2019-11-23,HHS Region 7,ili perc,1,2019-11-30,quantile,0.55,1.6134521360050165
2019-11-23,HHS Region 7,ili perc,1,2019-11-30,quantile,0.6,1.66156344746114
2019-11-23,HHS Region 7,ili perc,1,2019-11-30,quantile,0.65,1.7396433720455455
2019-11-23,HHS Region 7,ili perc,1,2019-11-30,quantile,0.7,1.7611113508075849
2019-11-23,HHS Region 7,ili perc,1,2019-11-30,quantile,0.75,1.8860067011567598
2019-11-23,HHS Region 7,ili perc,1,2019-11-30,quantile,0.8,2.06086264996247
2019-11-23,HHS Region 7,ili perc,1,2019-11-30,quantile,0.85,2.1171268797376133
2019-11-23,HHS Region 7,ili perc,1,2019-11-30,quantile,0.9,2.2685085698723237
2019-11-23,HHS Region 7,ili perc,1,2019-11-30,quantile,0.95,2.5775100433846085
2019-11-23,HHS Region 7,ili perc,1,2019-11-30,quantile,0.975,2.7247511043756614
2019-11-23,HHS Region 7,ili perc,1,2019-11-30,quantile,0.99,3.05212203073269
2019-11-23,HHS Region 7,ili perc,2,2019-12-07,quantile,0.01,0.8018906707097735
2019-11-23,HHS Region 7,ili perc,2,2019-12-07,quantile,0.025,0.9480569449375225
2019-11-23,HHS Region 7,ili perc,2,2019-12-07,quantile,0.05,1.0919756305495443
2019-11-23,HHS Region 7,ili perc,2,2019-12-07,quantile,0.1,1.2277519005678803
2019-11-23,HHS Region 7,ili perc,2,2019-12-07,quantile,0.15,1.3713380478466286
2019-11-23,HHS Region 7,ili perc,2,2019-12-07,quantile,0.2,1.4378400302919672
2019-11-23,HHS Region 7,ili perc,2,2019-12-07,quantile,0.25,1.5150499413524516
2019-11-23,HHS Region 7,ili perc,2,2019-12-07,quantile,0.3,1.6194110607260352
2019-11-23,HHS Region 7,ili perc,2,2019-12-07,quantile,0.35,1.782330398639894
2019-11-23,HHS Region 7,ili perc,2,2019-12-07,quantile,0.4,1.8361873414356398
2019-11-23,HHS Region 7,ili perc,2,2019-12-07,quantile,0.45,1.9056275423135687
2019-11-23,HHS Region 7,ili perc,2,2019-12-07,quantile,0.5,2.0249982885650546
2019-11-23,HHS Region 7,ili perc,2,2019-12-07,quantile,0.55,2.049857520663384
2019-11-23,HHS Region 7,ili perc,2,2019-12-07,quantile,0.6,2.1238952532646267
2019-11-23,HHS Region 7,ili perc,2,2019-12-07,quantile,0.65,2.21569921843401
2019-11-23,HHS Region 7,ili perc,2,2019-12-07,quantile,0.7,2.4342598818306644
2019-11-23,HHS Region 7,ili perc,2,2019-12-07,quantile,0.75,2.5407067614325904
2019-11-23,HHS Region 7,ili perc,2,2019-12-07,quantile,0.8,2.6756901796580514
2019-11-23,HHS Region 7,ili perc,2,2019-12-07,quantile,0.85,2.862376925123407
2019-11-23,HHS Region 7,ili perc,2,2019-12-07,quantile,0.9,3.1606778769448347
2019-11-23,HHS Region 7,ili perc,2,2019-12-07,quantile,0.95,3.413119867690201
2019-11-23,HHS Region 7,ili perc,2,2019-12-07,quantile,0.975,3.612549302850097
2019-11-23,HHS Region 7,ili perc,2,2019-12-07,quantile,0.99,4.060581737345772
2019-11-23,HHS Region 7,ili perc,3,2019-12-14,quantile,0.01,0.830868016969776
2019-11-23,HHS Region 7,ili perc,3,2019-12-14,quantile,0.025,0.9265660889699961
2019-11-23,HHS Region 7,ili perc,3,2019-12-14,quantile,0.05,1.094443420539236
2019-11-23,HHS Region 7,ili perc,3,2019-12-14,quantile,0.1,1.2553686769534091
2019-11-23,HHS Region 7,ili perc,3,2019-12-14,quantile,0.15,1.4053440444253151
2019-11-23,HHS Region 7,ili perc,3,2019-12-14,quantile,0.2,1.4962387818239469
2019-11-23,HHS Region 7,ili perc,3,2019-12-14,quantile,0.25,1.683613462984644
2019-11-23,HHS Region 7,ili perc,3,2019-12-14,quantile,0.3,1.8865683244811013
2019-11-23,HHS Region 7,ili perc,3,2019-12-14,quantile,0.35,2.0178353267576723
2019-11-23,HHS Region 7,ili perc,3,2019-12-14,quantile,0.4,2.1283018535540856
2019-11-23,HHS Region 7,ili perc,3,2019-12-14,quantile,0.45,2.205660926317455
2019-11-23,HHS Region 7,ili perc,3,2019-12-14,quantile,0.5,2.2576167693534908
2019-11-23,HHS Region 7,ili perc,3,2019-12-14,quantile,0.55,2.3987056821372565
2019-11-23,HHS Region 7,ili perc,3,2019-12-14,quantile,0.6,2.6355127651406587
2019-11-23,HHS Region 7,ili perc,3,2019-12-14,quantile,0.65,2.7218692477077138
2019-11-23,HHS Region 7,ili perc,3,2019-12-14,quantile,0.7,2.9140203253972707
2019-11-23,HHS Region 7,ili perc,3,2019-12-14,quantile,0.75,3.001167136802739
2019-11-23,HHS Region 7,ili perc,3,2019-12-14,quantile,0.8,3.0904443413420957
2019-11-23,HHS Region 7,ili perc,3,2019-12-14,quantile,0.85,3.311046663384339
2019-11-23,HHS Region 7,ili perc,3,2019-12-14,quantile,0.9,3.6520535525167706
2019-11-23,HHS Region 7,ili perc,3,2019-12-14,quantile,0.95,4.161232383671798
2019-11-23,HHS Region 7,ili perc,3,2019-12-14,quantile,0.975,4.459240664959809
2019-11-23,HHS Region 7,ili perc,3,2019-12-14,quantile,0.99,4.754760594619468
2019-11-23,HHS Region 7,ili perc,4,2019-12-21,quantile,0.01,0.5769039274236109
2019-11-23,HHS Region 7,ili perc,4,2019-12-21,quantile,0.025,0.9057222138336707
2019-11-23,HHS Region 7,ili perc,4,2019-12-21,quantile,0.05,0.9747932237564133
2019-11-23,HHS Region 7,ili perc,4,2019-12-21,quantile,0.1,1.3238521672498393
2019-11-23,HHS Region 7,ili perc,4,2019-12-21,quantile,0.15,1.506704880659219
2019-11-23,HHS Region 7,ili perc,4,2019-12-21,quantile,0.2,1.64588022617481
2019-11-23,HHS Region 7,ili perc,4,2019-12-21,quantile,0.25,1.944550591780121
2019-11-23,HHS Region 7,ili perc,4,2019-12-21,quantile,0.3,2.0294595941840257
2019-11-23,HHS Region 7,ili perc,4,2019-12-21,quantile,0.35,2.156797179075976
2019-11-23,HHS Region 7,ili perc,4,2019-12-21,quantile,0.4,2.280159776796464
2019-11-23,HHS Region 7,ili perc,4,2019-12-21,quantile,0.45,2.4335823367568272
2019-11-23,HHS Region 7,ili perc,4,2019-12-21,quantile,0.5,2.526201144729858
2019-11-23,HHS Region 7,ili perc,4,2019-12-21,quantile,0.55,2.6110207759274666
2019-11-23,HHS Region 7,ili perc,4,2019-12-21,quantile,0.6,2.731504488089459
2019-11-23,HHS Region 7,ili perc,4,2019-12-21,quantile,0.65,2.8785245011318246
2019-11-23,HHS Region 7,ili perc,4,2019-12-21,quantile,0.7,2.9643926484913243
2019-11-23,HHS Region 7,ili perc,4,2019-12-21,quantile,0.75,3.423161331129853
2019-11-23,HHS Region 7,ili perc,4,2019-12-21,quantile,0.8,3.6426607004378972
2019-11-23,HHS Region 7,ili perc,4,2019-12-21,quantile,0.85,3.8816240631851313
2019-11-23,HHS Region 7,ili perc,4,2019-12-21,quantile,0.9,4.281121261094668
2019-11-23,HHS Region 7,ili perc,4,2019-12-21,quantile,0.95,4.614259644949511
2019-11-23,HHS Region 7,ili perc,4,2019-12-21,quantile,0.975,4.898994177238626
2019-11-23,HHS Region 7,ili perc,4,2019-12-21,quantile,0.99,5.412794246915073
2019-11-23,HHS Region 8,ili perc,1,2019-11-30,quantile,0.01,1.6456479197694174
2019-11-23,HHS Region 8,ili perc,1,2019-11-30,quantile,0.025,1.6796913480294364
2019-11-23,HHS Region 8,ili perc,1,2019-11-30,quantile,0.05,1.749114280981868
2019-11-23,HHS Region 8,ili perc,1,2019-11-30,quantile,0.1,1.988659710777486
2019-11-23,HHS Region 8,ili perc,1,2019-11-30,quantile,0.15,2.050199987356081
2019-11-23,HHS Region 8,ili perc,1,2019-11-30,quantile,0.2,2.2504093609723297
2019-11-23,HHS Region 8,ili perc,1,2019-11-30,quantile,0.25,2.3293451077580496
2019-11-23,HHS Region 8,ili perc,1,2019-11-30,quantile,0.3,2.432062803111697
2019-11-23,HHS Region 8,ili perc,1,2019-11-30,quantile,0.35,2.488321364052781
2019-11-23,HHS Region 8,ili perc,1,2019-11-30,quantile,0.4,2.59445749924483
2019-11-23,HHS Region 8,ili perc,1,2019-11-30,quantile,0.45,2.6746703426325364
2019-11-23,HHS Region 8,ili perc,1,2019-11-30,quantile,0.5,2.7879616771220186
2019-11-23,HHS Region 8,ili perc,1,2019-11-30,quantile,0.55,2.929582348024252
2019-11-23,HHS Region 8,ili perc,1,2019-11-30,quantile,0.6,3.027260377233012
2019-11-23,HHS Region 8,ili perc,1,2019-11-30,quantile,0.65,3.1664218908925985
2019-11-23,HHS Region 8,ili perc,1,2019-11-30,quantile,0.7,3.212458618942929
2019-11-23,HHS Region 8,ili perc,1,2019-11-30,quantile,0.75,3.3363665243781333
2019-11-23,HHS Region 8,ili perc,1,2019-11-30,quantile,0.8,3.3943249718119324
2019-11-23,HHS Region 8,ili perc,1,2019-11-30,quantile,0.85,3.5366240370185937
2019-11-23,HHS Region 8,ili perc,1,2019-11-30,quantile,0.9,3.747328498470615
2019-11-23,HHS Region 8,ili perc,1,2019-11-30,quantile,0.95,3.9808966472767997
2019-11-23,HHS Region 8,ili perc,1,2019-11-30,quantile,0.975,4.396753420802028
2019-11-23,HHS Region 8,ili perc,1,2019-11-30,quantile,0.99,4.483218058036169
2019-11-23,HHS Region 8,ili perc,2,2019-12-07,quantile,0.01,1.7020605768054855
2019-11-23,HHS Region 8,ili perc,2,2019-12-07,quantile,0.025,1.769025612031418
2019-11-23,HHS Region 8,ili perc,2,2019-12-07,quantile,0.05,1.9614427914543775
2019-11-23,HHS Region 8,ili perc,2,2019-12-07,quantile,0.1,2.123606805925342
2019-11-23,HHS Region 8,ili perc,2,2019-12-07,quantile,0.15,2.200776382690917
2019-11-23,HHS Region 8,ili perc,2,2019-12-07,quantile,0.2,2.2915729886276757
2019-11-23,HHS Region 8,ili perc,2,2019-12-07,quantile,0.25,2.376641279754068
2019-11-23,HHS Region 8,ili perc,2,2019-12-07,quantile,0.3,2.4662542141315207
2019-11-23,HHS Region 8,ili perc,2,2019-12-07,quantile,0.35,2.7375186589254916
2019-11-23,HHS Region 8,ili perc,2,2019-12-07,quantile,0.4,2.9724910362278605
2019-11-23,HHS Region 8,ili perc,2,2019-12-07,quantile,0.45,3.036528055091459
2019-11-23,HHS Region 8,ili perc,2,2019-12-07,quantile,0.5,3.1585320627399893
2019-11-23,HHS Region 8,ili perc,2,2019-12-07,quantile,0.55,3.2576228906448357
2019-11-23,HHS Region 8,ili perc,2,2019-12-07,quantile,0.6,3.312863772180278
2019-11-23,HHS Region 8,ili perc,2,2019-12-07,quantile,0.65,3.4061882574331794
2019-11-23,HHS Region 8,ili perc,2,2019-12-07,quantile,0.7,3.5711714230868763
2019-11-23,HHS Region 8,ili perc,2,2019-12-07,quantile,0.75,3.7794885772107603
2019-11-23,HHS Region 8,ili perc,2,2019-12-07,quantile,0.8,3.943314715200067
2019-11-23,HHS Region 8,ili perc,2,2019-12-07,quantile,0.85,4.081566287825306
2019-11-23,HHS Region 8,ili perc,2,2019-12-07,quantile,0.9,4.579013694428669
2019-11-23,HHS Region 8,ili perc,2,2019-12-07,quantile,0.95,5.35787080959942
2019-11-23,HHS Region 8,ili perc,2,2019-12-07,quantile,0.975,6.310391544021633
2019-11-23,HHS Region 8,ili perc,2,2019-12-07,quantile,0.99,6.727257920670107
2019-11-23,HHS Region 8,ili perc,3,2019-12-14,quantile,0.01,1.3971344237496628
2019-11-23,HHS Region 8,ili perc,3,2019-12-14,quantile,0.025,1.6428478745569992
2019-11-23,HHS Region 8,ili perc,3,2019-12-14,quantile,0.05,1.783132170637415
2019-11-23,HHS Region 8,ili perc,3,2019-12-14,quantile,0.1,2.090696329689187
2019-11-23,HHS Region 8,ili perc,3,2019-12-14,quantile,0.15,2.271406121573588
2019-11-23,HHS Region 8,ili perc,3,2019-12-14,quantile,0.2,2.4534569483999493
2019-11-23,HHS Region 8,ili perc,3,2019-12-14,quantile,0.25,2.69210312651106
2019-11-23,HHS Region 8,ili perc,3,2019-12-14,quantile,0.3,2.808706918456749
2019-11-23,HHS Region 8,ili perc,3,2019-12-14,quantile,0.35,3.064875211419688
2019-11-23,HHS Region 8,ili perc,3,2019-12-14,quantile,0.4,3.188900026659187
2019-11-23,HHS Region 8,ili perc,3,2019-12-14,quantile,0.45,3.322278649709702
2019-11-23,HHS Region 8,ili perc,3,2019-12-14,quantile,0.5,3.4337694812156547
2019-11-23,HHS Region 8,ili perc,3,2019-12-14,quantile,0.55,3.5426196685599365
2019-11-23,HHS Region 8,ili perc,3,2019-12-14,quantile,0.6,3.7328068031988275
2019-11-23,HHS Region 8,ili perc,3,2019-12-14,quantile,0.65,4.0524863663693775
2019-11-23,HHS Region 8,ili perc,3,2019-12-14,quantile,0.7,4.279731027528354
2019-11-23,HHS Region 8,ili perc,3,2019-12-14,quantile,0.75,4.677350393906044
2019-11-23,HHS Region 8,ili perc,3,2019-12-14,quantile,0.8,5.141993658442171
2019-11-23,HHS Region 8,ili perc,3,2019-12-14,quantile,0.85,5.315667135395154
2019-11-23,HHS Region 8,ili perc,3,2019-12-14,quantile,0.9,5.682449288751688
2019-11-23,HHS Region 8,ili perc,3,2019-12-14,quantile,0.95,6.547674644232569
2019-11-23,HHS Region 8,ili perc,3,2019-12-14,quantile,0.975,6.88381516750923
2019-11-23,HHS Region 8,ili perc,3,2019-12-14,quantile,0.99,7.76189453886307
2019-11-23,HHS Region 8,ili perc,4,2019-12-21,quantile,0.01,1.2816360254318107
2019-11-23,HHS Region 8,ili perc,4,2019-12-21,quantile,0.025,1.4263875218748177
2019-11-23,HHS Region 8,ili perc,4,2019-12-21,quantile,0.05,1.6020231083829775
2019-11-23,HHS Region 8,ili perc,4,2019-12-21,quantile,0.1,1.7267249903460737
2019-11-23,HHS Region 8,ili perc,4,2019-12-21,quantile,0.15,2.222968253243004
2019-11-23,HHS Region 8,ili perc,4,2019-12-21,quantile,0.2,2.5494474916255854
2019-11-23,HHS Region 8,ili perc,4,2019-12-21,quantile,0.25,2.81635770910983
2019-11-23,HHS Region 8,ili perc,4,2019-12-21,quantile,0.3,3.081151922579415
2019-11-23,HHS Region 8,ili perc,4,2019-12-21,quantile,0.35,3.315006656478449
2019-11-23,HHS Region 8,ili perc,4,2019-12-21,quantile,0.4,3.4786380312694005
2019-11-23,HHS Region 8,ili perc,4,2019-12-21,quantile,0.45,3.6754919115441416
2019-11-23,HHS Region 8,ili perc,4,2019-12-21,quantile,0.5,3.921748578814246
2019-11-23,HHS Region 8,ili perc,4,2019-12-21,quantile,0.55,4.045573200885014
2019-11-23,HHS Region 8,ili perc,4,2019-12-21,quantile,0.6,4.238941097839954
2019-11-23,HHS Region 8,ili perc,4,2019-12-21,quantile,0.65,4.516202988679422
2019-11-23,HHS Region 8,ili perc,4,2019-12-21,quantile,0.7,4.800522695010445
2019-11-23,HHS Region 8,ili perc,4,2019-12-21,quantile,0.75,4.973932036256329
2019-11-23,HHS Region 8,ili perc,4,2019-12-21,quantile,0.8,5.409281678078124
2019-11-23,HHS Region 8,ili perc,4,2019-12-21,quantile,0.85,5.878841125373529
2019-11-23,HHS Region 8,ili perc,4,2019-12-21,quantile,0.9,6.728307408213591
2019-11-23,HHS Region 8,ili perc,4,2019-12-21,quantile,0.95,7.668409117070096
2019-11-23,HHS Region 8,ili perc,4,2019-12-21,quantile,0.975,8.491794623278725
2019-11-23,HHS Region 8,ili perc,4,2019-12-21,quantile,0.99,10.419156119198549
2019-11-23,HHS Region 9,ili perc,1,2019-11-30,quantile,0.01,1.6229702797307937
2019-11-23,HHS Region 9,ili perc,1,2019-11-30,quantile,0.025,1.820725211556054
2019-11-23,HHS Region 9,ili perc,1,2019-11-30,quantile,0.05,1.9484875329939202
2019-11-23,HHS Region 9,ili perc,1,2019-11-30,quantile,0.1,2.050105402357359
2019-11-23,HHS Region 9,ili perc,1,2019-11-30,quantile,0.15,2.131362550005116
2019-11-23,HHS Region 9,ili perc,1,2019-11-30,quantile,0.2,2.2245036522114
2019-11-23,HHS Region 9,ili perc,1,2019-11-30,quantile,0.25,2.322108100071517
2019-11-23,HHS Region 9,ili perc,1,2019-11-30,quantile,0.3,2.385959950301059
2019-11-23,HHS Region 9,ili perc,1,2019-11-30,quantile,0.35,2.4421609948823244
2019-11-23,HHS Region 9,ili perc,1,2019-11-30,quantile,0.4,2.514924113141303
2019-11-23,HHS Region 9,ili perc,1,2019-11-30,quantile,0.45,2.54201668220478
2019-11-23,HHS Region 9,ili perc,1,2019-11-30,quantile,0.5,2.5947582367741866
2019-11-23,HHS Region 9,ili perc,1,2019-11-30,quantile,0.55,2.6428320585590725
2019-11-23,HHS Region 9,ili perc,1,2019-11-30,quantile,0.6,2.693509801015626
2019-11-23,HHS Region 9,ili perc,1,2019-11-30,quantile,0.65,2.793999709761812
2019-11-23,HHS Region 9,ili perc,1,2019-11-30,quantile,0.7,2.8632493318775873
2019-11-23,HHS Region 9,ili perc,1,2019-11-30,quantile,0.75,2.9270917930518467
2019-11-23,HHS Region 9,ili perc,1,2019-11-30,quantile,0.8,3.015104000726359
2019-11-23,HHS Region 9,ili perc,1,2019-11-30,quantile,0.85,3.1372227504741117
2019-11-23,HHS Region 9,ili perc,1,2019-11-30,quantile,0.9,3.304513260297152
2019-11-23,HHS Region 9,ili perc,1,2019-11-30,quantile,0.95,3.548833782167615
2019-11-23,HHS Region 9,ili perc,1,2019-11-30,quantile,0.975,3.674794895523389
2019-11-23,HHS Region 9,ili perc,1,2019-11-30,quantile,0.99,3.9436782907565027
2019-11-23,HHS Region 9,ili perc,2,2019-12-07,quantile,0.01,1.9489576517144174
2019-11-23,HHS Region 9,ili perc,2,2019-12-07,quantile,0.025,1.970601541887242
2019-11-23,HHS Region 9,ili perc,2,2019-12-07,quantile,0.05,2.080061950603639
2019-11-23,HHS Region 9,ili perc,2,2019-12-07,quantile,0.1,2.31577512949696
2019-11-23,HHS Region 9,ili perc,2,2019-12-07,quantile,0.15,2.3902116581365895
2019-11-23,HHS Region 9,ili perc,2,2019-12-07,quantile,0.2,2.426968113791061
2019-11-23,HHS Region 9,ili perc,2,2019-12-07,quantile,0.25,2.5605336688359146
2019-11-23,HHS Region 9,ili perc,2,2019-12-07,quantile,0.3,2.6614779589063957
2019-11-23,HHS Region 9,ili perc,2,2019-12-07,quantile,0.35,2.8389734214359255
2019-11-23,HHS Region 9,ili perc,2,2019-12-07,quantile,0.4,2.9082922282503567
2019-11-23,HHS Region 9,ili perc,2,2019-12-07,quantile,0.45,2.990631138096882
2019-11-23,HHS Region 9,ili perc,2,2019-12-07,quantile,0.5,3.073766277302613
2019-11-23,HHS Region 9,ili perc,2,2019-12-07,quantile,0.55,3.1835805394052716
2019-11-23,HHS Region 9,ili perc,2,2019-12-07,quantile,0.6,3.2892662391734278
2019-11-23,HHS Region 9,ili perc,2,2019-12-07,quantile,0.65,3.3703660569719083
2019-11-23,HHS Region 9,ili perc,2,2019-12-07,quantile,0.7,3.418403554910797
2019-11-23,HHS Region 9,ili perc,2,2019-12-07,quantile,0.75,3.529938755648706
2019-11-23,HHS Region 9,ili perc,2,2019-12-07,quantile,0.8,3.727894428840578
2019-11-23,HHS Region 9,ili perc,2,2019-12-07,quantile,0.85,3.891984379937751
2019-11-23,HHS Region 9,ili perc,2,2019-12-07,quantile,0.9,4.070211755350598
2019-11-23,HHS Region 9,ili perc,2,2019-12-07,quantile,0.95,4.529692513185253
2019-11-23,HHS Region 9,ili perc,2,2019-12-07,quantile,0.975,5.030894521217972
2019-11-23,HHS Region 9,ili perc,2,2019-12-07,quantile,0.99,5.360131979060759
2019-11-23,HHS Region 9,ili perc,3,2019-12-14,quantile,0.01,2.1396953793279576
2019-11-23,HHS Region 9,ili perc,3,2019-12-14,quantile,0.025,2.2297283149309064
2019-11-23,HHS Region 9,ili perc,3,2019-12-14,quantile,0.05,2.3124832512678646
2019-11-23,HHS Region 9,ili perc,3,2019-12-14,quantile,0.1,2.48266606359375
2019-11-23,HHS Region 9,ili perc,3,2019-12-14,quantile,0.15,2.664153883844512
2019-11-23,HHS Region 9,ili perc,3,2019-12-14,quantile,0.2,2.771060298806704
2019-11-23,HHS Region 9,ili perc,3,2019-12-14,quantile,0.25,2.8458406270360337
2019-11-23,HHS Region 9,ili perc,3,2019-12-14,quantile,0.3,2.9668133068798803
2019-11-23,HHS Region 9,ili perc,3,2019-12-14,quantile,0.35,3.0496820176908397
2019-11-23,HHS Region 9,ili perc,3,2019-12-14,quantile,0.4,3.1644770491564316
2019-11-23,HHS Region 9,ili perc,3,2019-12-14,quantile,0.45,3.309400465136364
2019-11-23,HHS Region 9,ili perc,3,2019-12-14,quantile,0.5,3.3381451160748314
2019-11-23,HHS Region 9,ili perc,3,2019-12-14,quantile,0.55,3.4050191564639025
2019-11-23,HHS Region 9,ili perc,3,2019-12-14,quantile,0.6,3.5204512859480976
2019-11-23,HHS Region 9,ili perc,3,2019-12-14,quantile,0.65,3.5888268617194585
2019-11-23,HHS Region 9,ili perc,3,2019-12-14,quantile,0.7,3.8135574668404617
2019-11-23,HHS Region 9,ili perc,3,2019-12-14,quantile,0.75,4.04082069901424
2019-11-23,HHS Region 9,ili perc,3,2019-12-14,quantile,0.8,4.2241522064777834
2019-11-23,HHS Region 9,ili perc,3,2019-12-14,quantile,0.85,4.412988872245763
2019-11-23,HHS Region 9,ili perc,3,2019-12-14,quantile,0.9,5.0233673250333055
2019-11-23,HHS Region 9,ili perc,3,2019-12-14,quantile,0.95,5.307336939905591
2019-11-23,HHS Region 9,ili perc,3,2019-12-14,quantile,0.975,5.639141786549862
2019-11-23,HHS Region 9,ili perc,3,2019-12-14,quantile,0.99,6.231986736772696
2019-11-23,HHS Region 9,ili perc,4,2019-12-21,quantile,0.01,1.9538784981149837
2019-11-23,HHS Region 9,ili perc,4,2019-12-21,quantile,0.025,2.0741547741154704
2019-11-23,HHS Region 9,ili perc,4,2019-12-21,quantile,0.05,2.271622166572848
2019-11-23,HHS Region 9,ili perc,4,2019-12-21,quantile,0.1,2.48277738362809
2019-11-23,HHS Region 9,ili perc,4,2019-12-21,quantile,0.15,2.6719896043571527
2019-11-23,HHS Region 9,ili perc,4,2019-12-21,quantile,0.2,2.8119045300216468
2019-11-23,HHS Region 9,ili perc,4,2019-12-21,quantile,0.25,2.9836911269701396
2019-11-23,HHS Region 9,ili perc,4,2019-12-21,quantile,0.3,3.053697287664289
2019-11-23,HHS Region 9,ili perc,4,2019-12-21,quantile,0.35,3.202669577945423
2019-11-23,HHS Region 9,ili perc,4,2019-12-21,quantile,0.4,3.3138709752322395
2019-11-23,HHS Region 9,ili perc,4,2019-12-21,quantile,0.45,3.4017923705903215
2019-11-23,HHS Region 9,ili perc,4,2019-12-21,quantile,0.5,3.510453751913316
2019-11-23,HHS Region 9,ili perc,4,2019-12-21,quantile,0.55,3.65948930750905
2019-11-23,HHS Region 9,ili perc,4,2019-12-21,quantile,0.6,3.92758910765102
2019-11-23,HHS Region 9,ili perc,4,2019-12-21,quantile,0.65,4.124445638335272
2019-11-23,HHS Region 9,ili perc,4,2019-12-21,quantile,0.7,4.267827974376783
2019-11-23,HHS Region 9,ili perc,4,2019-12-21,quantile,0.75,4.386797346110713
2019-11-23,HHS Region 9,ili perc,4,2019-12-21,quantile,0.8,4.745659779603548
2019-11-23,HHS Region 9,ili perc,4,2019-12-21,quantile,0.85,4.940474166066281
2019-11-23,HHS Region 9,ili perc,4,2019-12-21,quantile,0.9,5.137656300214737
2019-11-23,HHS Region 9,ili perc,4,2019-12-21,quantile,0.95,5.784008826915849
2019-11-23,HHS Region 9,ili perc,4,2019-12-21,quantile,0.975,6.598031316962126
2019-11-23,HHS Region 9,ili perc,4,2019-12-21,quantile,0.99,6.939784790578122
2019-11-23,US National,ili perc,1,2019-11-30,quantile,0.01,2.5436650711957687
2019-11-23,US National,ili perc,1,2019-11-30,quantile,0.025,2.6057284136303798
2019-11-23,US National,ili perc,1,2019-11-30,quantile,0.05,2.678794574826086
2019-11-23,US National,ili perc,1,2019-11-30,quantile,0.1,2.77456136044454
2019-11-23,US National,ili perc,1,2019-11-30,quantile,0.15,2.797363028966315
2019-11-23,US National,ili perc,1,2019-11-30,quantile,0.2,2.8484506132525578
2019-11-23,US National,ili perc,1,2019-11-30,quantile,0.25,2.8793410718055337
2019-11-23,US National,ili perc,1,2019-11-30,quantile,0.3,2.9181252606214123
2019-11-23,US National,ili perc,1,2019-11-30,quantile,0.35,2.939465150113593
2019-11-23,US National,ili perc,1,2019-11-30,quantile,0.4,2.9796979127046566
2019-11-23,US National,ili perc,1,2019-11-30,quantile,0.45,3.0295140528220816
2019-11-23,US National,ili perc,1,2019-11-30,quantile,0.5,3.057519850881534
2019-11-23,US National,ili perc,1,2019-11-30,quantile,0.55,3.1247790459585474
2019-11-23,US National,ili perc,1,2019-11-30,quantile,0.6,3.1554719624958363
2019-11-23,US National,ili perc,1,2019-11-30,quantile,0.65,3.2078717637867546
2019-11-23,US National,ili perc,1,2019-11-30,quantile,0.7,3.268693255393302
2019-11-23,US National,ili perc,1,2019-11-30,quantile,0.75,3.3341157978257914
2019-11-23,US National,ili perc,1,2019-11-30,quantile,0.8,3.4031873279839235
2019-11-23,US National,ili perc,1,2019-11-30,quantile,0.85,3.4777870256794774
2019-11-23,US National,ili perc,1,2019-11-30,quantile,0.9,3.5356129993184844
2019-11-23,US National,ili perc,1,2019-11-30,quantile,0.95,3.658803619952209
2019-11-23,US National,ili perc,1,2019-11-30,quantile,0.975,3.7933700316105936
2019-11-23,US National,ili perc,1,2019-11-30,quantile,0.99,4.043585467994824
2019-11-23,US National,ili perc,2,2019-12-07,quantile,0.01,2.6912161665649523
2019-11-23,US National,ili perc,2,2019-12-07,quantile,0.025,2.876646147393675
2019-11-23,US National,ili perc,2,2019-12-07,quantile,0.05,2.9618410118373886
2019-11-23,US National,ili perc,2,2019-12-07,quantile,0.1,3.0647569123197664
2019-11-23,US National,ili perc,2,2019-12-07,quantile,0.15,3.093018869496713
2019-11-23,US National,ili perc,2,2019-12-07,quantile,0.2,3.202763813664873
2019-11-23,US National,ili perc,2,2019-12-07,quantile,0.25,3.3107833441197148
2019-11-23,US National,ili perc,2,2019-12-07,quantile,0.3,3.3386482040360885
2019-11-23,US National,ili perc,2,2019-12-07,quantile,0.35,3.417370511323809
2019-11-23,US National,ili perc,2,2019-12-07,quantile,0.4,3.4798115245718764
2019-11-23,US National,ili perc,2,2019-12-07,quantile,0.45,3.5581972860007367
2019-11-23,US National,ili perc,2,2019-12-07,quantile,0.5,3.6532433747251227
2019-11-23,US National,ili perc,2,2019-12-07,quantile,0.55,3.719161031529267
2019-11-23,US National,ili perc,2,2019-12-07,quantile,0.6,3.7601415297486236
2019-11-23,US National,ili perc,2,2019-12-07,quantile,0.65,3.829563667169502
2019-11-23,US National,ili perc,2,2019-12-07,quantile,0.7,3.900237594239348
2019-11-23,US National,ili perc,2,2019-12-07,quantile,0.75,4.000244994342146
2019-11-23,US National,ili perc,2,2019-12-07,quantile,0.8,4.115252829663448
2019-11-23,US National,ili perc,2,2019-12-07,quantile,0.85,4.2136817695147215
2019-11-23,US National,ili perc,2,2019-12-07,quantile,0.9,4.41330763086037
2019-11-23,US National,ili perc,2,2019-12-07,quantile,0.95,4.663053363879655
2019-11-23,US National,ili perc,2,2019-12-07,quantile,0.975,4.792528655787425
2019-11-23,US National,ili perc,2,2019-12-07,quantile,0.99,5.059277816592063
2019-11-23,US National,ili perc,3,2019-12-14,quantile,0.01,3.040486849750431
2019-11-23,US National,ili perc,3,2019-12-14,quantile,0.025,3.1018590215027837
2019-11-23,US National,ili perc,3,2019-12-14,quantile,0.05,3.140258543290294
2019-11-23,US National,ili perc,3,2019-12-14,quantile,0.1,3.307767289322995
2019-11-23,US National,ili perc,3,2019-12-14,quantile,0.15,3.4508682271544293
2019-11-23,US National,ili perc,3,2019-12-14,quantile,0.2,3.4954271641667045
2019-11-23,US National,ili perc,3,2019-12-14,quantile,0.25,3.6343386820640013
2019-11-23,US National,ili perc,3,2019-12-14,quantile,0.3,3.7112262636889097
2019-11-23,US National,ili perc,3,2019-12-14,quantile,0.35,3.7747442917869574
2019-11-23,US National,ili perc,3,2019-12-14,quantile,0.4,3.805475546989438
2019-11-23,US National,ili perc,3,2019-12-14,quantile,0.45,3.957866876189379
2019-11-23,US National,ili perc,3,2019-12-14,quantile,0.5,4.0868819756164365
2019-11-23,US National,ili perc,3,2019-12-14,quantile,0.55,4.279666881533446
2019-11-23,US National,ili perc,3,2019-12-14,quantile,0.6,4.443607716759409
2019-11-23,US National,ili perc,3,2019-12-14,quantile,0.65,4.569742258621501
2019-11-23,US National,ili perc,3,2019-12-14,quantile,0.7,4.709725548669654
2019-11-23,US National,ili perc,3,2019-12-14,quantile,0.75,4.845954869288449
2019-11-23,US National,ili perc,3,2019-12-14,quantile,0.8,4.9553670406883015
2019-11-23,US National,ili perc,3,2019-12-14,quantile,0.85,5.059888027793441
2019-11-23,US National,ili perc,3,2019-12-14,quantile,0.9,5.131704904943382
2019-11-23,US National,ili perc,3,2019-12-14,quantile,0.95,5.413719729711014
2019-11-23,US National,ili perc,3,2019-12-14,quantile,0.975,5.6632952974167665
2019-11-23,US National,ili perc,3,2019-12-14,quantile,0.99,6.271405029184397
2019-11-23,US National,ili perc,4,2019-12-21,quantile,0.01,2.9563240438518537
2019-11-23,US National,ili perc,4,2019-12-21,quantile,0.025,3.0745039679756907
2019-11-23,US National,ili perc,4,2019-12-21,quantile,0.05,3.1401416438935232
2019-11-23,US National,ili perc,4,2019-12-21,quantile,0.1,3.3246386159646093
2019-11-23,US National,ili perc,4,2019-12-21,quantile,0.15,3.412629002326881
2019-11-23,US National,ili perc,4,2019-12-21,quantile,0.2,3.5237028573033227
2019-11-23,US National,ili perc,4,2019-12-21,quantile,0.25,3.6284180644026622
2019-11-23,US National,ili perc,4,2019-12-21,quantile,0.3,3.7415418579323134
2019-11-23,US National,ili perc,4,2019-12-21,quantile,0.35,3.9243110258608143
2019-11-23,US National,ili perc,4,2019-12-21,quantile,0.4,4.095552135174368
2019-11-23,US National,ili perc,4,2019-12-21,quantile,0.45,4.254809229628499
2019-11-23,US National,ili perc,4,2019-12-21,quantile,0.5,4.455740544160509
2019-11-23,US National,ili perc,4,2019-12-21,quantile,0.55,4.585346658584838
2019-11-23,US National,ili perc,4,2019-12-21,quantile,0.6,4.745024494313067
2019-11-23,US National,ili perc,4,2019-12-21,quantile,0.65,4.830632760618718
2019-11-23,US National,ili perc,4,2019-12-21,quantile,0.7,4.9485779871973286
2019-11-23,US National,ili perc,4,2019-12-21,quantile,0.75,5.1995617826429665
2019-11-23,US National,ili perc,4,2019-12-21,quantile,0.8,5.348372770808424
2019-11-23,US National,ili perc,4,2019-12-21,quantile,0.85,5.544970536090944
2019-11-23,US National,ili perc,4,2019-12-21,quantile,0.9,5.767586941879558
2019-11-23,US National,ili perc,4,2019-12-21,quantile,0.95,6.061526198080759
2019-11-23,US National,ili perc,4,2019-12-21,quantile,0.975,6.230408066512068
2019-11-23,US National,ili perc,4,2019-12-21,quantile,0.99,6.353091608565897
