origin_date,target_end_date,horizon,location,target,output_type,output_type_id,value
2017-12-30,2018-01-06,1,HHS Region 1,ili perc,quantile,0.01,0
2017-12-30,2018-01-06,1,HHS Region 1,ili perc,quantile,0.025,0
2017-12-30,2018-01-06,1,HHS Region 1,ili perc,quantile,0.05,0.27713599842083425
2017-12-30,2018-01-06,1,HHS Region 1,ili perc,quantile,0.1,0.8145564154986014
2017-12-30,2018-01-06,1,HHS Region 1,ili perc,quantile,0.15000000000000002,1.1493050861680547
2017-12-30,2018-01-06,1,HHS Region 1,ili perc,quantile,0.2,1.3036762984208343
2017-12-30,2018-01-06,1,HHS Region 1,ili perc,quantile,0.25,1.3723404984208345
2017-12-30,2018-01-06,1,HHS Region 1,ili perc,quantile,0.3,1.418859267881737
2017-12-30,2018-01-06,1,HHS Region 1,ili perc,quantile,0.35000000000000003,1.469705587771998
2017-12-30,2018-01-06,1,HHS Region 1,ili perc,quantile,0.4,1.516890698420834
2017-12-30,2018-01-06,1,HHS Region 1,ili perc,quantile,0.45,1.5560793484208344
2017-12-30,2018-01-06,1,HHS Region 1,ili perc,quantile,0.5,1.5801682663119578
2017-12-30,2018-01-06,1,HHS Region 1,ili perc,quantile,0.55,1.6083909484208343
2017-12-30,2018-01-06,1,HHS Region 1,ili perc,quantile,0.6000000000000001,1.6517414984208345
2017-12-30,2018-01-06,1,HHS Region 1,ili perc,quantile,0.6500000000000001,1.6867317435704845
2017-12-30,2018-01-06,1,HHS Region 1,ili perc,quantile,0.7000000000000001,1.7357958352218672
2017-12-30,2018-01-06,1,HHS Region 1,ili perc,quantile,0.7500000000000001,1.8063665923986243
2017-12-30,2018-01-06,1,HHS Region 1,ili perc,quantile,0.8,1.8823454984208343
2017-12-30,2018-01-06,1,HHS Region 1,ili perc,quantile,0.8500000000000001,1.987973331037875
2017-12-30,2018-01-06,1,HHS Region 1,ili perc,quantile,0.9000000000000001,2.275237498420834
2017-12-30,2018-01-06,1,HHS Region 1,ili perc,quantile,0.95,2.8806455243546583
2017-12-30,2018-01-06,1,HHS Region 1,ili perc,quantile,0.975,3.5613161798433746
2017-12-30,2018-01-06,1,HHS Region 1,ili perc,quantile,0.99,5.475101892236093
2017-12-30,2018-01-13,2,HHS Region 1,ili perc,quantile,0.01,0
2017-12-30,2018-01-13,2,HHS Region 1,ili perc,quantile,0.025,0.00771482229742314
2017-12-30,2018-01-13,2,HHS Region 1,ili perc,quantile,0.05,0.487365118015308
2017-12-30,2018-01-13,2,HHS Region 1,ili perc,quantile,0.1,1.039830722870301
2017-12-30,2018-01-13,2,HHS Region 1,ili perc,quantile,0.15000000000000002,1.1517390354489552
2017-12-30,2018-01-13,2,HHS Region 1,ili perc,quantile,0.2,1.253596657788094
2017-12-30,2018-01-13,2,HHS Region 1,ili perc,quantile,0.25,1.3462729823034831
2017-12-30,2018-01-13,2,HHS Region 1,ili perc,quantile,0.3,1.396920466302914
2017-12-30,2018-01-13,2,HHS Region 1,ili perc,quantile,0.35000000000000003,1.4407954984208342
2017-12-30,2018-01-13,2,HHS Region 1,ili perc,quantile,0.4,1.4903372984208345
2017-12-30,2018-01-13,2,HHS Region 1,ili perc,quantile,0.45,1.5204588984208345
2017-12-30,2018-01-13,2,HHS Region 1,ili perc,quantile,0.5,1.5532041536989918
2017-12-30,2018-01-13,2,HHS Region 1,ili perc,quantile,0.55,1.591663770915576
2017-12-30,2018-01-13,2,HHS Region 1,ili perc,quantile,0.6000000000000001,1.6298243901330505
2017-12-30,2018-01-13,2,HHS Region 1,ili perc,quantile,0.6500000000000001,1.673451277862887
2017-12-30,2018-01-13,2,HHS Region 1,ili perc,quantile,0.7000000000000001,1.7205764984208345
2017-12-30,2018-01-13,2,HHS Region 1,ili perc,quantile,0.7500000000000001,1.7738557733942002
2017-12-30,2018-01-13,2,HHS Region 1,ili perc,quantile,0.8,1.859263349426654
2017-12-30,2018-01-13,2,HHS Region 1,ili perc,quantile,0.8500000000000001,1.9714368298155225
2017-12-30,2018-01-13,2,HHS Region 1,ili perc,quantile,0.9000000000000001,2.323224498420834
2017-12-30,2018-01-13,2,HHS Region 1,ili perc,quantile,0.95,2.84117347761126
2017-12-30,2018-01-13,2,HHS Region 1,ili perc,quantile,0.975,3.2671844984208342
2017-12-30,2018-01-13,2,HHS Region 1,ili perc,quantile,0.99,3.9941379384208298
2017-12-30,2018-01-20,3,HHS Region 1,ili perc,quantile,0.01,0
2017-12-30,2018-01-20,3,HHS Region 1,ili perc,quantile,0.025,0.26617449842083407
2017-12-30,2018-01-20,3,HHS Region 1,ili perc,quantile,0.05,0.6163647599217928
2017-12-30,2018-01-20,3,HHS Region 1,ili perc,quantile,0.1,1.22358503894101
2017-12-30,2018-01-20,3,HHS Region 1,ili perc,quantile,0.15000000000000002,1.3614494335725962
2017-12-30,2018-01-20,3,HHS Region 1,ili perc,quantile,0.2,1.4671062984208345
2017-12-30,2018-01-20,3,HHS Region 1,ili perc,quantile,0.25,1.538738781161308
2017-12-30,2018-01-20,3,HHS Region 1,ili perc,quantile,0.3,1.5885132149438213
2017-12-30,2018-01-20,3,HHS Region 1,ili perc,quantile,0.35000000000000003,1.642954498420834
2017-12-30,2018-01-20,3,HHS Region 1,ili perc,quantile,0.4,1.6841048086843131
2017-12-30,2018-01-20,3,HHS Region 1,ili perc,quantile,0.45,1.724166748420834
2017-12-30,2018-01-20,3,HHS Region 1,ili perc,quantile,0.5,1.7487655923235883
2017-12-30,2018-01-20,3,HHS Region 1,ili perc,quantile,0.55,1.784781930744492
2017-12-30,2018-01-20,3,HHS Region 1,ili perc,quantile,0.6000000000000001,1.836755195814075
2017-12-30,2018-01-20,3,HHS Region 1,ili perc,quantile,0.6500000000000001,1.876989648497192
2017-12-30,2018-01-20,3,HHS Region 1,ili perc,quantile,0.7000000000000001,1.9393500139507425
2017-12-30,2018-01-20,3,HHS Region 1,ili perc,quantile,0.7500000000000001,1.993153498420834
2017-12-30,2018-01-20,3,HHS Region 1,ili perc,quantile,0.8,2.075384474023867
2017-12-30,2018-01-20,3,HHS Region 1,ili perc,quantile,0.8500000000000001,2.1894791900396084
2017-12-30,2018-01-20,3,HHS Region 1,ili perc,quantile,0.9000000000000001,2.4503126925146073
2017-12-30,2018-01-20,3,HHS Region 1,ili perc,quantile,0.95,2.8097901839738064
2017-12-30,2018-01-20,3,HHS Region 1,ili perc,quantile,0.975,3.4856744428150677
2017-12-30,2018-01-20,3,HHS Region 1,ili perc,quantile,0.99,4.117086811418504
2017-12-30,2018-01-06,1,HHS Region 10,ili perc,quantile,0.01,0
2017-12-30,2018-01-06,1,HHS Region 10,ili perc,quantile,0.025,0
2017-12-30,2018-01-06,1,HHS Region 10,ili perc,quantile,0.05,0.6545060780926173
2017-12-30,2018-01-06,1,HHS Region 10,ili perc,quantile,0.1,1.554336358955388
2017-12-30,2018-01-06,1,HHS Region 10,ili perc,quantile,0.15000000000000002,2.0707677099215807
2017-12-30,2018-01-06,1,HHS Region 10,ili perc,quantile,0.2,2.470056151789598
2017-12-30,2018-01-06,1,HHS Region 10,ili perc,quantile,0.25,2.698957982819268
2017-12-30,2018-01-06,1,HHS Region 10,ili perc,quantile,0.3,2.814514419346095
2017-12-30,2018-01-06,1,HHS Region 10,ili perc,quantile,0.35000000000000003,2.8784637517895977
2017-12-30,2018-01-06,1,HHS Region 10,ili perc,quantile,0.4,2.9431076410211583
2017-12-30,2018-01-06,1,HHS Region 10,ili perc,quantile,0.45,3.02369006507572
2017-12-30,2018-01-06,1,HHS Region 10,ili perc,quantile,0.5,3.088641751789598
2017-12-30,2018-01-06,1,HHS Region 10,ili perc,quantile,0.55,3.135149751789598
2017-12-30,2018-01-06,1,HHS Region 10,ili perc,quantile,0.6000000000000001,3.196755751789598
2017-12-30,2018-01-06,1,HHS Region 10,ili perc,quantile,0.6500000000000001,3.2581842955993308
2017-12-30,2018-01-06,1,HHS Region 10,ili perc,quantile,0.7000000000000001,3.338907351789598
2017-12-30,2018-01-06,1,HHS Region 10,ili perc,quantile,0.7500000000000001,3.443836751789598
2017-12-30,2018-01-06,1,HHS Region 10,ili perc,quantile,0.8,3.6127924076652183
2017-12-30,2018-01-06,1,HHS Region 10,ili perc,quantile,0.8500000000000001,3.779333383517891
2017-12-30,2018-01-06,1,HHS Region 10,ili perc,quantile,0.9000000000000001,4.159680474477948
2017-12-30,2018-01-06,1,HHS Region 10,ili perc,quantile,0.95,4.924001860634563
2017-12-30,2018-01-06,1,HHS Region 10,ili perc,quantile,0.975,5.861335441441984
2017-12-30,2018-01-06,1,HHS Region 10,ili perc,quantile,0.99,7.106413191341481
2017-12-30,2018-01-13,2,HHS Region 10,ili perc,quantile,0.01,0
2017-12-30,2018-01-13,2,HHS Region 10,ili perc,quantile,0.025,0
2017-12-30,2018-01-13,2,HHS Region 10,ili perc,quantile,0.05,0
2017-12-30,2018-01-13,2,HHS Region 10,ili perc,quantile,0.1,0.8396837517895979
2017-12-30,2018-01-13,2,HHS Region 10,ili perc,quantile,0.15000000000000002,1.379934748906705
2017-12-30,2018-01-13,2,HHS Region 10,ili perc,quantile,0.2,1.7014908777033677
2017-12-30,2018-01-13,2,HHS Region 10,ili perc,quantile,0.25,1.88802259912456
2017-12-30,2018-01-13,2,HHS Region 10,ili perc,quantile,0.3,1.9649457517895976
2017-12-30,2018-01-13,2,HHS Region 10,ili perc,quantile,0.35000000000000003,2.0473997517895977
2017-12-30,2018-01-13,2,HHS Region 10,ili perc,quantile,0.4,2.1029184784758628
2017-12-30,2018-01-13,2,HHS Region 10,ili perc,quantile,0.45,2.165790751789598
2017-12-30,2018-01-13,2,HHS Region 10,ili perc,quantile,0.5,2.222354251789598
2017-12-30,2018-01-13,2,HHS Region 10,ili perc,quantile,0.55,2.269037674495986
2017-12-30,2018-01-13,2,HHS Region 10,ili perc,quantile,0.6000000000000001,2.3412848677356335
2017-12-30,2018-01-13,2,HHS Region 10,ili perc,quantile,0.6500000000000001,2.417936857438036
2017-12-30,2018-01-13,2,HHS Region 10,ili perc,quantile,0.7000000000000001,2.5258755927064316
2017-12-30,2018-01-13,2,HHS Region 10,ili perc,quantile,0.7500000000000001,2.647080986764736
2017-12-30,2018-01-13,2,HHS Region 10,ili perc,quantile,0.8,2.7612937517895975
2017-12-30,2018-01-13,2,HHS Region 10,ili perc,quantile,0.8500000000000001,3.016339880462698
2017-12-30,2018-01-13,2,HHS Region 10,ili perc,quantile,0.9000000000000001,3.294147635746072
2017-12-30,2018-01-13,2,HHS Region 10,ili perc,quantile,0.95,4.100140418143261
2017-12-30,2018-01-13,2,HHS Region 10,ili perc,quantile,0.975,4.825174544030903
2017-12-30,2018-01-13,2,HHS Region 10,ili perc,quantile,0.99,7.258486977350456
2017-12-30,2018-01-20,3,HHS Region 10,ili perc,quantile,0.01,0
2017-12-30,2018-01-20,3,HHS Region 10,ili perc,quantile,0.025,0.38397967368890046
2017-12-30,2018-01-20,3,HHS Region 10,ili perc,quantile,0.05,1.5902008291303131
2017-12-30,2018-01-20,3,HHS Region 10,ili perc,quantile,0.1,2.250985083129038
2017-12-30,2018-01-20,3,HHS Region 10,ili perc,quantile,0.15000000000000002,2.5294409517895984
2017-12-30,2018-01-20,3,HHS Region 10,ili perc,quantile,0.2,2.820390751789598
2017-12-30,2018-01-20,3,HHS Region 10,ili perc,quantile,0.25,3.007212974947858
2017-12-30,2018-01-20,3,HHS Region 10,ili perc,quantile,0.3,3.0552282517895977
2017-12-30,2018-01-20,3,HHS Region 10,ili perc,quantile,0.35000000000000003,3.148321771861487
2017-12-30,2018-01-20,3,HHS Region 10,ili perc,quantile,0.4,3.191186151789598
2017-12-30,2018-01-20,3,HHS Region 10,ili perc,quantile,0.45,3.256230823731192
2017-12-30,2018-01-20,3,HHS Region 10,ili perc,quantile,0.5,3.320952751789598
2017-12-30,2018-01-20,3,HHS Region 10,ili perc,quantile,0.55,3.3712231017895977
2017-12-30,2018-01-20,3,HHS Region 10,ili perc,quantile,0.6000000000000001,3.4380915517895976
2017-12-30,2018-01-20,3,HHS Region 10,ili perc,quantile,0.6500000000000001,3.5053737517895978
2017-12-30,2018-01-20,3,HHS Region 10,ili perc,quantile,0.7000000000000001,3.599556351789598
2017-12-30,2018-01-20,3,HHS Region 10,ili perc,quantile,0.7500000000000001,3.67804852669893
2017-12-30,2018-01-20,3,HHS Region 10,ili perc,quantile,0.8,3.8390835131209906
2017-12-30,2018-01-20,3,HHS Region 10,ili perc,quantile,0.8500000000000001,4.078418158643188
2017-12-30,2018-01-20,3,HHS Region 10,ili perc,quantile,0.9000000000000001,4.372059398767929
2017-12-30,2018-01-20,3,HHS Region 10,ili perc,quantile,0.95,5.149483751789598
2017-12-30,2018-01-20,3,HHS Region 10,ili perc,quantile,0.975,6.089285441441984
2017-12-30,2018-01-20,3,HHS Region 10,ili perc,quantile,0.99,7.555123568361898
2017-12-30,2018-01-06,1,HHS Region 2,ili perc,quantile,0.01,0.7499963963080827
2017-12-30,2018-01-06,1,HHS Region 2,ili perc,quantile,0.025,2.0076680571529937
2017-12-30,2018-01-06,1,HHS Region 2,ili perc,quantile,0.05,2.678047770197603
2017-12-30,2018-01-06,1,HHS Region 2,ili perc,quantile,0.1,3.445369034923253
2017-12-30,2018-01-06,1,HHS Region 2,ili perc,quantile,0.15000000000000002,4.1030467701976034
2017-12-30,2018-01-06,1,HHS Region 2,ili perc,quantile,0.2,4.419207770197604
2017-12-30,2018-01-06,1,HHS Region 2,ili perc,quantile,0.25,4.663353752252943
2017-12-30,2018-01-06,1,HHS Region 2,ili perc,quantile,0.3,4.808590259924393
2017-12-30,2018-01-06,1,HHS Region 2,ili perc,quantile,0.35000000000000003,4.911356670625514
2017-12-30,2018-01-06,1,HHS Region 2,ili perc,quantile,0.4,5.031887770197603
2017-12-30,2018-01-06,1,HHS Region 2,ili perc,quantile,0.45,5.14962521971371
2017-12-30,2018-01-06,1,HHS Region 2,ili perc,quantile,0.5,5.307088756810887
2017-12-30,2018-01-06,1,HHS Region 2,ili perc,quantile,0.55,5.401582766209671
2017-12-30,2018-01-06,1,HHS Region 2,ili perc,quantile,0.6000000000000001,5.48462011193751
2017-12-30,2018-01-06,1,HHS Region 2,ili perc,quantile,0.6500000000000001,5.624256770197603
2017-12-30,2018-01-06,1,HHS Region 2,ili perc,quantile,0.7000000000000001,5.829431825854956
2017-12-30,2018-01-06,1,HHS Region 2,ili perc,quantile,0.7500000000000001,5.984607020197603
2017-12-30,2018-01-06,1,HHS Region 2,ili perc,quantile,0.8,6.222642770197603
2017-12-30,2018-01-06,1,HHS Region 2,ili perc,quantile,0.8500000000000001,6.422705270197604
2017-12-30,2018-01-06,1,HHS Region 2,ili perc,quantile,0.9000000000000001,6.901740724957163
2017-12-30,2018-01-06,1,HHS Region 2,ili perc,quantile,0.95,7.724612905489953
2017-12-30,2018-01-06,1,HHS Region 2,ili perc,quantile,0.975,8.812459214648381
2017-12-30,2018-01-06,1,HHS Region 2,ili perc,quantile,0.99,9.435825970197603
2017-12-30,2018-01-13,2,HHS Region 2,ili perc,quantile,0.01,1.341481833146562
2017-12-30,2018-01-13,2,HHS Region 2,ili perc,quantile,0.025,2.113927770197603
2017-12-30,2018-01-13,2,HHS Region 2,ili perc,quantile,0.05,2.9509617701976034
2017-12-30,2018-01-13,2,HHS Region 2,ili perc,quantile,0.1,3.5901758856646304
2017-12-30,2018-01-13,2,HHS Region 2,ili perc,quantile,0.15000000000000002,3.908022606387453
2017-12-30,2018-01-13,2,HHS Region 2,ili perc,quantile,0.2,4.275215169874944
2017-12-30,2018-01-13,2,HHS Region 2,ili perc,quantile,0.25,4.4119854937719865
2017-12-30,2018-01-13,2,HHS Region 2,ili perc,quantile,0.3,4.536018265857182
2017-12-30,2018-01-13,2,HHS Region 2,ili perc,quantile,0.35000000000000003,4.641575770197603
2017-12-30,2018-01-13,2,HHS Region 2,ili perc,quantile,0.4,4.742160582815707
2017-12-30,2018-01-13,2,HHS Region 2,ili perc,quantile,0.45,4.896499770197604
2017-12-30,2018-01-13,2,HHS Region 2,ili perc,quantile,0.5,5.020623274383201
2017-12-30,2018-01-13,2,HHS Region 2,ili perc,quantile,0.55,5.10326483291443
2017-12-30,2018-01-13,2,HHS Region 2,ili perc,quantile,0.6000000000000001,5.194107440904929
2017-12-30,2018-01-13,2,HHS Region 2,ili perc,quantile,0.6500000000000001,5.29489012789368
2017-12-30,2018-01-13,2,HHS Region 2,ili perc,quantile,0.7000000000000001,5.443899970197603
2017-12-30,2018-01-13,2,HHS Region 2,ili perc,quantile,0.7500000000000001,5.662307506602137
2017-12-30,2018-01-13,2,HHS Region 2,ili perc,quantile,0.8,5.823533770197603
2017-12-30,2018-01-13,2,HHS Region 2,ili perc,quantile,0.8500000000000001,6.099997770197604
2017-12-30,2018-01-13,2,HHS Region 2,ili perc,quantile,0.9000000000000001,6.600160770197605
2017-12-30,2018-01-13,2,HHS Region 2,ili perc,quantile,0.95,7.295246838595475
2017-12-30,2018-01-13,2,HHS Region 2,ili perc,quantile,0.975,8.514107410266993
2017-12-30,2018-01-13,2,HHS Region 2,ili perc,quantile,0.99,9.148450119941932
2017-12-30,2018-01-20,3,HHS Region 2,ili perc,quantile,0.01,0.9357063150679928
2017-12-30,2018-01-20,3,HHS Region 2,ili perc,quantile,0.025,2.39210549032672
2017-12-30,2018-01-20,3,HHS Region 2,ili perc,quantile,0.05,3.078317770197603
2017-12-30,2018-01-20,3,HHS Region 2,ili perc,quantile,0.1,3.994927770197603
2017-12-30,2018-01-20,3,HHS Region 2,ili perc,quantile,0.15000000000000002,4.48776123332454
2017-12-30,2018-01-20,3,HHS Region 2,ili perc,quantile,0.2,4.8145277701976035
2017-12-30,2018-01-20,3,HHS Region 2,ili perc,quantile,0.25,4.9970758849329835
2017-12-30,2018-01-20,3,HHS Region 2,ili perc,quantile,0.3,5.106415000126644
2017-12-30,2018-01-20,3,HHS Region 2,ili perc,quantile,0.35000000000000003,5.247015743963683
2017-12-30,2018-01-20,3,HHS Region 2,ili perc,quantile,0.4,5.371243770197603
2017-12-30,2018-01-20,3,HHS Region 2,ili perc,quantile,0.45,5.514950770197604
2017-12-30,2018-01-20,3,HHS Region 2,ili perc,quantile,0.5,5.671019308202148
2017-12-30,2018-01-20,3,HHS Region 2,ili perc,quantile,0.55,5.777038796056038
2017-12-30,2018-01-20,3,HHS Region 2,ili perc,quantile,0.6000000000000001,5.902056970855926
2017-12-30,2018-01-20,3,HHS Region 2,ili perc,quantile,0.6500000000000001,5.998484979704236
2017-12-30,2018-01-20,3,HHS Region 2,ili perc,quantile,0.7000000000000001,6.177424818847467
2017-12-30,2018-01-20,3,HHS Region 2,ili perc,quantile,0.7500000000000001,6.332417520197604
2017-12-30,2018-01-20,3,HHS Region 2,ili perc,quantile,0.8,6.569073787382355
2017-12-30,2018-01-20,3,HHS Region 2,ili perc,quantile,0.8500000000000001,6.813759770197606
2017-12-30,2018-01-20,3,HHS Region 2,ili perc,quantile,0.9000000000000001,7.2890318628713215
2017-12-30,2018-01-20,3,HHS Region 2,ili perc,quantile,0.95,7.92199020073269
2017-12-30,2018-01-20,3,HHS Region 2,ili perc,quantile,0.975,9.1855242701976
2017-12-30,2018-01-20,3,HHS Region 2,ili perc,quantile,0.99,10.067240887425529
2017-12-30,2018-01-06,1,HHS Region 3,ili perc,quantile,0.01,0
2017-12-30,2018-01-06,1,HHS Region 3,ili perc,quantile,0.025,0
2017-12-30,2018-01-06,1,HHS Region 3,ili perc,quantile,0.05,0.4671540633975586
2017-12-30,2018-01-06,1,HHS Region 3,ili perc,quantile,0.1,1.2696495283373723
2017-12-30,2018-01-06,1,HHS Region 3,ili perc,quantile,0.15000000000000002,1.7191140633975586
2017-12-30,2018-01-06,1,HHS Region 3,ili perc,quantile,0.2,2.022334601619263
2017-12-30,2018-01-06,1,HHS Region 3,ili perc,quantile,0.25,2.2392231826472866
2017-12-30,2018-01-06,1,HHS Region 3,ili perc,quantile,0.3,2.399691064920104
2017-12-30,2018-01-06,1,HHS Region 3,ili perc,quantile,0.35000000000000003,2.501509813397558
2017-12-30,2018-01-06,1,HHS Region 3,ili perc,quantile,0.4,2.570174063397559
2017-12-30,2018-01-06,1,HHS Region 3,ili perc,quantile,0.45,2.623704063397559
2017-12-30,2018-01-06,1,HHS Region 3,ili perc,quantile,0.5,2.7114140633975583
2017-12-30,2018-01-06,1,HHS Region 3,ili perc,quantile,0.55,2.777519563397559
2017-12-30,2018-01-06,1,HHS Region 3,ili perc,quantile,0.6000000000000001,2.855411952266595
2017-12-30,2018-01-06,1,HHS Region 3,ili perc,quantile,0.6500000000000001,2.924300113397559
2017-12-30,2018-01-06,1,HHS Region 3,ili perc,quantile,0.7000000000000001,3.0418540633975586
2017-12-30,2018-01-06,1,HHS Region 3,ili perc,quantile,0.7500000000000001,3.1562136881904217
2017-12-30,2018-01-06,1,HHS Region 3,ili perc,quantile,0.8,3.3177906034121647
2017-12-30,2018-01-06,1,HHS Region 3,ili perc,quantile,0.8500000000000001,3.537764063397559
2017-12-30,2018-01-06,1,HHS Region 3,ili perc,quantile,0.9000000000000001,3.9340210633975583
2017-12-30,2018-01-06,1,HHS Region 3,ili perc,quantile,0.95,4.952083163258019
2017-12-30,2018-01-06,1,HHS Region 3,ili perc,quantile,0.975,6.317314063397559
2017-12-30,2018-01-06,1,HHS Region 3,ili perc,quantile,0.99,8.783503024233529
2017-12-30,2018-01-13,2,HHS Region 3,ili perc,quantile,0.01,0
2017-12-30,2018-01-13,2,HHS Region 3,ili perc,quantile,0.025,0
2017-12-30,2018-01-13,2,HHS Region 3,ili perc,quantile,0.05,0.7767215633975589
2017-12-30,2018-01-13,2,HHS Region 3,ili perc,quantile,0.1,1.5258179459306247
2017-12-30,2018-01-13,2,HHS Region 3,ili perc,quantile,0.15000000000000002,1.878451109873409
2017-12-30,2018-01-13,2,HHS Region 3,ili perc,quantile,0.2,2.071125063397558
2017-12-30,2018-01-13,2,HHS Region 3,ili perc,quantile,0.25,2.303861852907671
2017-12-30,2018-01-13,2,HHS Region 3,ili perc,quantile,0.3,2.4758090633975587
2017-12-30,2018-01-13,2,HHS Region 3,ili perc,quantile,0.35000000000000003,2.5933418647361965
2017-12-30,2018-01-13,2,HHS Region 3,ili perc,quantile,0.4,2.6601899725855187
2017-12-30,2018-01-13,2,HHS Region 3,ili perc,quantile,0.45,2.7236440633975585
2017-12-30,2018-01-13,2,HHS Region 3,ili perc,quantile,0.5,2.795739543025159
2017-12-30,2018-01-13,2,HHS Region 3,ili perc,quantile,0.55,2.8671440633975585
2017-12-30,2018-01-13,2,HHS Region 3,ili perc,quantile,0.6000000000000001,2.9644326633975586
2017-12-30,2018-01-13,2,HHS Region 3,ili perc,quantile,0.6500000000000001,3.0363270633975588
2017-12-30,2018-01-13,2,HHS Region 3,ili perc,quantile,0.7000000000000001,3.091945325010494
2017-12-30,2018-01-13,2,HHS Region 3,ili perc,quantile,0.7500000000000001,3.2348640633975587
2017-12-30,2018-01-13,2,HHS Region 3,ili perc,quantile,0.8,3.4522023840617826
2017-12-30,2018-01-13,2,HHS Region 3,ili perc,quantile,0.8500000000000001,3.725094063397558
2017-12-30,2018-01-13,2,HHS Region 3,ili perc,quantile,0.9000000000000001,4.006074063397559
2017-12-30,2018-01-13,2,HHS Region 3,ili perc,quantile,0.95,4.678386879216008
2017-12-30,2018-01-13,2,HHS Region 3,ili perc,quantile,0.975,5.521624063397558
2017-12-30,2018-01-13,2,HHS Region 3,ili perc,quantile,0.99,6.5638498123215685
2017-12-30,2018-01-20,3,HHS Region 3,ili perc,quantile,0.01,0
2017-12-30,2018-01-20,3,HHS Region 3,ili perc,quantile,0.025,0
2017-12-30,2018-01-20,3,HHS Region 3,ili perc,quantile,0.05,0.4119985133611488
2017-12-30,2018-01-20,3,HHS Region 3,ili perc,quantile,0.1,1.351564063397559
2017-12-30,2018-01-20,3,HHS Region 3,ili perc,quantile,0.15000000000000002,2.0276430633975586
2017-12-30,2018-01-20,3,HHS Region 3,ili perc,quantile,0.2,2.308164693148769
2017-12-30,2018-01-20,3,HHS Region 3,ili perc,quantile,0.25,2.612744063397559
2017-12-30,2018-01-20,3,HHS Region 3,ili perc,quantile,0.3,2.7652348068065584
2017-12-30,2018-01-20,3,HHS Region 3,ili perc,quantile,0.35000000000000003,2.899558527228619
2017-12-30,2018-01-20,3,HHS Region 3,ili perc,quantile,0.4,2.9778040633975587
2017-12-30,2018-01-20,3,HHS Region 3,ili perc,quantile,0.45,3.0313440633975586
2017-12-30,2018-01-20,3,HHS Region 3,ili perc,quantile,0.5,3.1098040633975588
2017-12-30,2018-01-20,3,HHS Region 3,ili perc,quantile,0.55,3.1789740633975585
2017-12-30,2018-01-20,3,HHS Region 3,ili perc,quantile,0.6000000000000001,3.250452663397559
2017-12-30,2018-01-20,3,HHS Region 3,ili perc,quantile,0.6500000000000001,3.3110612589573556
2017-12-30,2018-01-20,3,HHS Region 3,ili perc,quantile,0.7000000000000001,3.3937006444899587
2017-12-30,2018-01-20,3,HHS Region 3,ili perc,quantile,0.7500000000000001,3.4974431248917384
2017-12-30,2018-01-20,3,HHS Region 3,ili perc,quantile,0.8,3.6422670633975582
2017-12-30,2018-01-20,3,HHS Region 3,ili perc,quantile,0.8500000000000001,3.916491547520793
2017-12-30,2018-01-20,3,HHS Region 3,ili perc,quantile,0.9000000000000001,4.30203677347096
2017-12-30,2018-01-20,3,HHS Region 3,ili perc,quantile,0.95,5.0940667167129785
2017-12-30,2018-01-20,3,HHS Region 3,ili perc,quantile,0.975,5.812441313397554
2017-12-30,2018-01-20,3,HHS Region 3,ili perc,quantile,0.99,7.0360791613733165
2017-12-30,2018-01-06,1,HHS Region 4,ili perc,quantile,0.01,0
2017-12-30,2018-01-06,1,HHS Region 4,ili perc,quantile,0.025,0
2017-12-30,2018-01-06,1,HHS Region 4,ili perc,quantile,0.05,0.9640823347071394
2017-12-30,2018-01-06,1,HHS Region 4,ili perc,quantile,0.1,2.018412707393862
2017-12-30,2018-01-06,1,HHS Region 4,ili perc,quantile,0.15000000000000002,2.2489923347071397
2017-12-30,2018-01-06,1,HHS Region 4,ili perc,quantile,0.2,2.4639942664788093
2017-12-30,2018-01-06,1,HHS Region 4,ili perc,quantile,0.25,2.596622635054199
2017-12-30,2018-01-06,1,HHS Region 4,ili perc,quantile,0.3,2.689743107251629
2017-12-30,2018-01-06,1,HHS Region 4,ili perc,quantile,0.35000000000000003,2.752489066803959
2017-12-30,2018-01-06,1,HHS Region 4,ili perc,quantile,0.4,2.8002993347071397
2017-12-30,2018-01-06,1,HHS Region 4,ili perc,quantile,0.45,2.842285068571843
2017-12-30,2018-01-06,1,HHS Region 4,ili perc,quantile,0.5,2.8728493347071393
2017-12-30,2018-01-06,1,HHS Region 4,ili perc,quantile,0.55,2.9196398359666125
2017-12-30,2018-01-06,1,HHS Region 4,ili perc,quantile,0.6000000000000001,2.9617833329060774
2017-12-30,2018-01-06,1,HHS Region 4,ili perc,quantile,0.6500000000000001,3.0028196032712975
2017-12-30,2018-01-06,1,HHS Region 4,ili perc,quantile,0.7000000000000001,3.0669711347071393
2017-12-30,2018-01-06,1,HHS Region 4,ili perc,quantile,0.7500000000000001,3.1668558347071403
2017-12-30,2018-01-06,1,HHS Region 4,ili perc,quantile,0.8,3.2856418787126755
2017-12-30,2018-01-06,1,HHS Region 4,ili perc,quantile,0.8500000000000001,3.5171295290349702
2017-12-30,2018-01-06,1,HHS Region 4,ili perc,quantile,0.9000000000000001,3.9113523347071393
2017-12-30,2018-01-06,1,HHS Region 4,ili perc,quantile,0.95,4.75771343845267
2017-12-30,2018-01-06,1,HHS Region 4,ili perc,quantile,0.975,5.929735233707629
2017-12-30,2018-01-06,1,HHS Region 4,ili perc,quantile,0.99,6.602901458325055
2017-12-30,2018-01-13,2,HHS Region 4,ili perc,quantile,0.01,0
2017-12-30,2018-01-13,2,HHS Region 4,ili perc,quantile,0.025,0.1251807518586694
2017-12-30,2018-01-13,2,HHS Region 4,ili perc,quantile,0.05,1.2308743347071391
2017-12-30,2018-01-13,2,HHS Region 4,ili perc,quantile,0.1,2.0377419992562675
2017-12-30,2018-01-13,2,HHS Region 4,ili perc,quantile,0.15000000000000002,2.3080703847071393
2017-12-30,2018-01-13,2,HHS Region 4,ili perc,quantile,0.2,2.4941980215103516
2017-12-30,2018-01-13,2,HHS Region 4,ili perc,quantile,0.25,2.619226003154659
2017-12-30,2018-01-13,2,HHS Region 4,ili perc,quantile,0.3,2.6979517923779013
2017-12-30,2018-01-13,2,HHS Region 4,ili perc,quantile,0.35000000000000003,2.7471650411831865
2017-12-30,2018-01-13,2,HHS Region 4,ili perc,quantile,0.4,2.79783233680571
2017-12-30,2018-01-13,2,HHS Region 4,ili perc,quantile,0.45,2.834234017620976
2017-12-30,2018-01-13,2,HHS Region 4,ili perc,quantile,0.5,2.8703812242224696
2017-12-30,2018-01-13,2,HHS Region 4,ili perc,quantile,0.55,2.923956899363855
2017-12-30,2018-01-13,2,HHS Region 4,ili perc,quantile,0.6000000000000001,2.9764159705643047
2017-12-30,2018-01-13,2,HHS Region 4,ili perc,quantile,0.6500000000000001,3.0206626533651524
2017-12-30,2018-01-13,2,HHS Region 4,ili perc,quantile,0.7000000000000001,3.1021335139513884
2017-12-30,2018-01-13,2,HHS Region 4,ili perc,quantile,0.7500000000000001,3.2262503347071396
2017-12-30,2018-01-13,2,HHS Region 4,ili perc,quantile,0.8,3.4198923347071393
2017-12-30,2018-01-13,2,HHS Region 4,ili perc,quantile,0.8500000000000001,3.6234533347071394
2017-12-30,2018-01-13,2,HHS Region 4,ili perc,quantile,0.9000000000000001,3.9181097237427895
2017-12-30,2018-01-13,2,HHS Region 4,ili perc,quantile,0.95,5.113651241090983
2017-12-30,2018-01-13,2,HHS Region 4,ili perc,quantile,0.975,6.0822880784264965
2017-12-30,2018-01-13,2,HHS Region 4,ili perc,quantile,0.99,6.665465248708422
2017-12-30,2018-01-20,3,HHS Region 4,ili perc,quantile,0.01,0
2017-12-30,2018-01-20,3,HHS Region 4,ili perc,quantile,0.025,0.30998465148770465
2017-12-30,2018-01-20,3,HHS Region 4,ili perc,quantile,0.05,1.7362143347071397
2017-12-30,2018-01-20,3,HHS Region 4,ili perc,quantile,0.1,2.6450131961690526
2017-12-30,2018-01-20,3,HHS Region 4,ili perc,quantile,0.15000000000000002,3.002965334707139
2017-12-30,2018-01-20,3,HHS Region 4,ili perc,quantile,0.2,3.1817907250160293
2017-12-30,2018-01-20,3,HHS Region 4,ili perc,quantile,0.25,3.3473085847071395
2017-12-30,2018-01-20,3,HHS Region 4,ili perc,quantile,0.3,3.4616631021745583
2017-12-30,2018-01-20,3,HHS Region 4,ili perc,quantile,0.35000000000000003,3.5132744197246804
2017-12-30,2018-01-20,3,HHS Region 4,ili perc,quantile,0.4,3.57255427589209
2017-12-30,2018-01-20,3,HHS Region 4,ili perc,quantile,0.45,3.605756411192736
2017-12-30,2018-01-20,3,HHS Region 4,ili perc,quantile,0.5,3.6409023347071394
2017-12-30,2018-01-20,3,HHS Region 4,ili perc,quantile,0.55,3.6985103057621536
2017-12-30,2018-01-20,3,HHS Region 4,ili perc,quantile,0.6000000000000001,3.734384808280375
2017-12-30,2018-01-20,3,HHS Region 4,ili perc,quantile,0.6500000000000001,3.787926334707139
2017-12-30,2018-01-20,3,HHS Region 4,ili perc,quantile,0.7000000000000001,3.877974415814347
2017-12-30,2018-01-20,3,HHS Region 4,ili perc,quantile,0.7500000000000001,3.9724780103224897
2017-12-30,2018-01-20,3,HHS Region 4,ili perc,quantile,0.8,4.127170467541571
2017-12-30,2018-01-20,3,HHS Region 4,ili perc,quantile,0.8500000000000001,4.357000168343959
2017-12-30,2018-01-20,3,HHS Region 4,ili perc,quantile,0.9000000000000001,4.666897454430279
2017-12-30,2018-01-20,3,HHS Region 4,ili perc,quantile,0.95,5.791803630367596
2017-12-30,2018-01-20,3,HHS Region 4,ili perc,quantile,0.975,6.59999909291383
2017-12-30,2018-01-20,3,HHS Region 4,ili perc,quantile,0.99,7.632058078005831
2017-12-30,2018-01-06,1,HHS Region 5,ili perc,quantile,0.01,0
2017-12-30,2018-01-06,1,HHS Region 5,ili perc,quantile,0.025,0
2017-12-30,2018-01-06,1,HHS Region 5,ili perc,quantile,0.05,0.5456047761897984
2017-12-30,2018-01-06,1,HHS Region 5,ili perc,quantile,0.1,1.3967635851530378
2017-12-30,2018-01-06,1,HHS Region 5,ili perc,quantile,0.15000000000000002,1.7095870578713597
2017-12-30,2018-01-06,1,HHS Region 5,ili perc,quantile,0.2,1.855315245215827
2017-12-30,2018-01-06,1,HHS Region 5,ili perc,quantile,0.25,1.9441200279858588
2017-12-30,2018-01-06,1,HHS Region 5,ili perc,quantile,0.3,1.9897030279858587
2017-12-30,2018-01-06,1,HHS Region 5,ili perc,quantile,0.35000000000000003,2.033261255646729
2017-12-30,2018-01-06,1,HHS Region 5,ili perc,quantile,0.4,2.0725600279858587
2017-12-30,2018-01-06,1,HHS Region 5,ili perc,quantile,0.45,2.105253350562951
2017-12-30,2018-01-06,1,HHS Region 5,ili perc,quantile,0.5,2.135679027985858
2017-12-30,2018-01-06,1,HHS Region 5,ili perc,quantile,0.55,2.1663333279858588
2017-12-30,2018-01-06,1,HHS Region 5,ili perc,quantile,0.6000000000000001,2.1962633081359497
2017-12-30,2018-01-06,1,HHS Region 5,ili perc,quantile,0.6500000000000001,2.231696818179779
2017-12-30,2018-01-06,1,HHS Region 5,ili perc,quantile,0.7000000000000001,2.2800750279858586
2017-12-30,2018-01-06,1,HHS Region 5,ili perc,quantile,0.7500000000000001,2.328514944566482
2017-12-30,2018-01-06,1,HHS Region 5,ili perc,quantile,0.8,2.3862610279858587
2017-12-30,2018-01-06,1,HHS Region 5,ili perc,quantile,0.8500000000000001,2.5120583800392833
2017-12-30,2018-01-06,1,HHS Region 5,ili perc,quantile,0.9000000000000001,2.895659600941711
2017-12-30,2018-01-06,1,HHS Region 5,ili perc,quantile,0.95,3.9994554304624783
2017-12-30,2018-01-06,1,HHS Region 5,ili perc,quantile,0.975,4.9362326025536
2017-12-30,2018-01-06,1,HHS Region 5,ili perc,quantile,0.99,7.149107792833089
2017-12-30,2018-01-13,2,HHS Region 5,ili perc,quantile,0.01,0
2017-12-30,2018-01-13,2,HHS Region 5,ili perc,quantile,0.025,0
2017-12-30,2018-01-13,2,HHS Region 5,ili perc,quantile,0.05,0.3707595301388518
2017-12-30,2018-01-13,2,HHS Region 5,ili perc,quantile,0.1,1.359541675610062
2017-12-30,2018-01-13,2,HHS Region 5,ili perc,quantile,0.15000000000000002,1.672299509411419
2017-12-30,2018-01-13,2,HHS Region 5,ili perc,quantile,0.2,1.8521782711864891
2017-12-30,2018-01-13,2,HHS Region 5,ili perc,quantile,0.25,1.931760027985859
2017-12-30,2018-01-13,2,HHS Region 5,ili perc,quantile,0.3,2.0030761279858593
2017-12-30,2018-01-13,2,HHS Region 5,ili perc,quantile,0.35000000000000003,2.0424740279858593
2017-12-30,2018-01-13,2,HHS Region 5,ili perc,quantile,0.4,2.077161250081246
2017-12-30,2018-01-13,2,HHS Region 5,ili perc,quantile,0.45,2.101470157192898
2017-12-30,2018-01-13,2,HHS Region 5,ili perc,quantile,0.5,2.137411027985859
2017-12-30,2018-01-13,2,HHS Region 5,ili perc,quantile,0.55,2.1624500279858587
2017-12-30,2018-01-13,2,HHS Region 5,ili perc,quantile,0.6000000000000001,2.199817597922084
2017-12-30,2018-01-13,2,HHS Region 5,ili perc,quantile,0.6500000000000001,2.230126824269378
2017-12-30,2018-01-13,2,HHS Region 5,ili perc,quantile,0.7000000000000001,2.286951027985859
2017-12-30,2018-01-13,2,HHS Region 5,ili perc,quantile,0.7500000000000001,2.355166027985859
2017-12-30,2018-01-13,2,HHS Region 5,ili perc,quantile,0.8,2.404948810250289
2017-12-30,2018-01-13,2,HHS Region 5,ili perc,quantile,0.8500000000000001,2.513955027985859
2017-12-30,2018-01-13,2,HHS Region 5,ili perc,quantile,0.9000000000000001,2.8692414781396143
2017-12-30,2018-01-13,2,HHS Region 5,ili perc,quantile,0.95,3.6853000279858574
2017-12-30,2018-01-13,2,HHS Region 5,ili perc,quantile,0.975,4.237138940685018
2017-12-30,2018-01-13,2,HHS Region 5,ili perc,quantile,0.99,6.2232020686533795
2017-12-30,2018-01-20,3,HHS Region 5,ili perc,quantile,0.01,0
2017-12-30,2018-01-20,3,HHS Region 5,ili perc,quantile,0.025,0
2017-12-30,2018-01-20,3,HHS Region 5,ili perc,quantile,0.05,0.5371064504298289
2017-12-30,2018-01-20,3,HHS Region 5,ili perc,quantile,0.1,1.3240455834200977
2017-12-30,2018-01-20,3,HHS Region 5,ili perc,quantile,0.15000000000000002,1.849420646122972
2017-12-30,2018-01-20,3,HHS Region 5,ili perc,quantile,0.2,2.111133461502296
2017-12-30,2018-01-20,3,HHS Region 5,ili perc,quantile,0.25,2.2248527459258014
2017-12-30,2018-01-20,3,HHS Region 5,ili perc,quantile,0.3,2.298164382791392
2017-12-30,2018-01-20,3,HHS Region 5,ili perc,quantile,0.35000000000000003,2.343375812079064
2017-12-30,2018-01-20,3,HHS Region 5,ili perc,quantile,0.4,2.390415227985859
2017-12-30,2018-01-20,3,HHS Region 5,ili perc,quantile,0.45,2.4231329779858592
2017-12-30,2018-01-20,3,HHS Region 5,ili perc,quantile,0.5,2.453990027985859
2017-12-30,2018-01-20,3,HHS Region 5,ili perc,quantile,0.55,2.485823270812686
2017-12-30,2018-01-20,3,HHS Region 5,ili perc,quantile,0.6000000000000001,2.511604914659233
2017-12-30,2018-01-20,3,HHS Region 5,ili perc,quantile,0.6500000000000001,2.548616605202542
2017-12-30,2018-01-20,3,HHS Region 5,ili perc,quantile,0.7000000000000001,2.598838742403697
2017-12-30,2018-01-20,3,HHS Region 5,ili perc,quantile,0.7500000000000001,2.6455067108785917
2017-12-30,2018-01-20,3,HHS Region 5,ili perc,quantile,0.8,2.732072027985859
2017-12-30,2018-01-20,3,HHS Region 5,ili perc,quantile,0.8500000000000001,2.839493454515229
2017-12-30,2018-01-20,3,HHS Region 5,ili perc,quantile,0.9000000000000001,3.2833293260969953
2017-12-30,2018-01-20,3,HHS Region 5,ili perc,quantile,0.95,4.257481304514177
2017-12-30,2018-01-20,3,HHS Region 5,ili perc,quantile,0.975,4.96249002798586
2017-12-30,2018-01-20,3,HHS Region 5,ili perc,quantile,0.99,6.606267730025519
2017-12-30,2018-01-06,1,HHS Region 6,ili perc,quantile,0.01,0
2017-12-30,2018-01-06,1,HHS Region 6,ili perc,quantile,0.025,0
2017-12-30,2018-01-06,1,HHS Region 6,ili perc,quantile,0.05,0.20422398461004987
2017-12-30,2018-01-06,1,HHS Region 6,ili perc,quantile,0.1,2.3444859017121846
2017-12-30,2018-01-06,1,HHS Region 6,ili perc,quantile,0.15000000000000002,3.0033441067402844
2017-12-30,2018-01-06,1,HHS Region 6,ili perc,quantile,0.2,3.4123705653851344
2017-12-30,2018-01-06,1,HHS Region 6,ili perc,quantile,0.25,3.597466925549015
2017-12-30,2018-01-06,1,HHS Region 6,ili perc,quantile,0.3,3.6997617542847543
2017-12-30,2018-01-06,1,HHS Region 6,ili perc,quantile,0.35000000000000003,3.846320866968064
2017-12-30,2018-01-06,1,HHS Region 6,ili perc,quantile,0.4,3.9261739255490142
2017-12-30,2018-01-06,1,HHS Region 6,ili perc,quantile,0.45,3.9832664255490142
2017-12-30,2018-01-06,1,HHS Region 6,ili perc,quantile,0.5,4.035346925549014
2017-12-30,2018-01-06,1,HHS Region 6,ili perc,quantile,0.55,4.120727395461594
2017-12-30,2018-01-06,1,HHS Region 6,ili perc,quantile,0.6000000000000001,4.196582345452086
2017-12-30,2018-01-06,1,HHS Region 6,ili perc,quantile,0.6500000000000001,4.314317705533105
2017-12-30,2018-01-06,1,HHS Region 6,ili perc,quantile,0.7000000000000001,4.482741542998724
2017-12-30,2018-01-06,1,HHS Region 6,ili perc,quantile,0.7500000000000001,4.609606269109737
2017-12-30,2018-01-06,1,HHS Region 6,ili perc,quantile,0.8,4.787531925549015
2017-12-30,2018-01-06,1,HHS Region 6,ili perc,quantile,0.8500000000000001,4.971687497326304
2017-12-30,2018-01-06,1,HHS Region 6,ili perc,quantile,0.9000000000000001,5.490941925549015
2017-12-30,2018-01-06,1,HHS Region 6,ili perc,quantile,0.95,6.68376150561412
2017-12-30,2018-01-06,1,HHS Region 6,ili perc,quantile,0.975,9.002031925549014
2017-12-30,2018-01-06,1,HHS Region 6,ili perc,quantile,0.99,10.106253864751691
2017-12-30,2018-01-13,2,HHS Region 6,ili perc,quantile,0.01,0
2017-12-30,2018-01-13,2,HHS Region 6,ili perc,quantile,0.025,0
2017-12-30,2018-01-13,2,HHS Region 6,ili perc,quantile,0.05,1.3214552612435644
2017-12-30,2018-01-13,2,HHS Region 6,ili perc,quantile,0.1,3.399049437733367
2017-12-30,2018-01-13,2,HHS Region 6,ili perc,quantile,0.15000000000000002,3.910170813975478
2017-12-30,2018-01-13,2,HHS Region 6,ili perc,quantile,0.2,4.219661925549015
2017-12-30,2018-01-13,2,HHS Region 6,ili perc,quantile,0.25,4.329324425549014
2017-12-30,2018-01-13,2,HHS Region 6,ili perc,quantile,0.3,4.435475693679544
2017-12-30,2018-01-13,2,HHS Region 6,ili perc,quantile,0.35000000000000003,4.573211925549015
2017-12-30,2018-01-13,2,HHS Region 6,ili perc,quantile,0.4,4.661416342327964
2017-12-30,2018-01-13,2,HHS Region 6,ili perc,quantile,0.45,4.747151925549015
2017-12-30,2018-01-13,2,HHS Region 6,ili perc,quantile,0.5,4.841226925549014
2017-12-30,2018-01-13,2,HHS Region 6,ili perc,quantile,0.55,4.923104589985552
2017-12-30,2018-01-13,2,HHS Region 6,ili perc,quantile,0.6000000000000001,5.011792066394477
2017-12-30,2018-01-13,2,HHS Region 6,ili perc,quantile,0.6500000000000001,5.157641925549015
2017-12-30,2018-01-13,2,HHS Region 6,ili perc,quantile,0.7000000000000001,5.247449925549015
2017-12-30,2018-01-13,2,HHS Region 6,ili perc,quantile,0.7500000000000001,5.364171871602551
2017-12-30,2018-01-13,2,HHS Region 6,ili perc,quantile,0.8,5.546251925549015
2017-12-30,2018-01-13,2,HHS Region 6,ili perc,quantile,0.8500000000000001,5.784832984782332
2017-12-30,2018-01-13,2,HHS Region 6,ili perc,quantile,0.9000000000000001,6.580342679556715
2017-12-30,2018-01-13,2,HHS Region 6,ili perc,quantile,0.95,8.287376755813494
2017-12-30,2018-01-13,2,HHS Region 6,ili perc,quantile,0.975,9.800652949354054
2017-12-30,2018-01-13,2,HHS Region 6,ili perc,quantile,0.99,11.693875162409231
2017-12-30,2018-01-20,3,HHS Region 6,ili perc,quantile,0.01,0
2017-12-30,2018-01-20,3,HHS Region 6,ili perc,quantile,0.025,0
2017-12-30,2018-01-20,3,HHS Region 6,ili perc,quantile,0.05,1.7876367081576667
2017-12-30,2018-01-20,3,HHS Region 6,ili perc,quantile,0.1,3.575685323165332
2017-12-30,2018-01-20,3,HHS Region 6,ili perc,quantile,0.15000000000000002,4.232741337630094
2017-12-30,2018-01-20,3,HHS Region 6,ili perc,quantile,0.2,4.537295965565589
2017-12-30,2018-01-20,3,HHS Region 6,ili perc,quantile,0.25,4.7930519255490145
2017-12-30,2018-01-20,3,HHS Region 6,ili perc,quantile,0.3,4.9159927696344345
2017-12-30,2018-01-20,3,HHS Region 6,ili perc,quantile,0.35000000000000003,5.060484884926568
2017-12-30,2018-01-20,3,HHS Region 6,ili perc,quantile,0.4,5.152181809431772
2017-12-30,2018-01-20,3,HHS Region 6,ili perc,quantile,0.45,5.221858607104937
2017-12-30,2018-01-20,3,HHS Region 6,ili perc,quantile,0.5,5.297354260798834
2017-12-30,2018-01-20,3,HHS Region 6,ili perc,quantile,0.55,5.39346560572732
2017-12-30,2018-01-20,3,HHS Region 6,ili perc,quantile,0.6000000000000001,5.466191925549015
2017-12-30,2018-01-20,3,HHS Region 6,ili perc,quantile,0.6500000000000001,5.605999268387144
2017-12-30,2018-01-20,3,HHS Region 6,ili perc,quantile,0.7000000000000001,5.750351525549015
2017-12-30,2018-01-20,3,HHS Region 6,ili perc,quantile,0.7500000000000001,5.893431925549015
2017-12-30,2018-01-20,3,HHS Region 6,ili perc,quantile,0.8,6.082621925549015
2017-12-30,2018-01-20,3,HHS Region 6,ili perc,quantile,0.8500000000000001,6.34079679145736
2017-12-30,2018-01-20,3,HHS Region 6,ili perc,quantile,0.9000000000000001,6.940606059535879
2017-12-30,2018-01-20,3,HHS Region 6,ili perc,quantile,0.95,8.646301925549015
2017-12-30,2018-01-20,3,HHS Region 6,ili perc,quantile,0.975,10.252361667733444
2017-12-30,2018-01-20,3,HHS Region 6,ili perc,quantile,0.99,11.336943864751694
2017-12-30,2018-01-06,1,HHS Region 7,ili perc,quantile,0.01,0
2017-12-30,2018-01-06,1,HHS Region 7,ili perc,quantile,0.025,0
2017-12-30,2018-01-06,1,HHS Region 7,ili perc,quantile,0.05,0.637901590164617
2017-12-30,2018-01-06,1,HHS Region 7,ili perc,quantile,0.1,1.9404773813219096
2017-12-30,2018-01-06,1,HHS Region 7,ili perc,quantile,0.15000000000000002,2.2689190356842333
2017-12-30,2018-01-06,1,HHS Region 7,ili perc,quantile,0.2,2.4612525144600177
2017-12-30,2018-01-06,1,HHS Region 7,ili perc,quantile,0.25,2.5725375424217187
2017-12-30,2018-01-06,1,HHS Region 7,ili perc,quantile,0.3,2.6604139245167273
2017-12-30,2018-01-06,1,HHS Region 7,ili perc,quantile,0.35000000000000003,2.7348901831866996
2017-12-30,2018-01-06,1,HHS Region 7,ili perc,quantile,0.4,2.808206239345452
2017-12-30,2018-01-06,1,HHS Region 7,ili perc,quantile,0.45,2.868503827645371
2017-12-30,2018-01-06,1,HHS Region 7,ili perc,quantile,0.5,2.9219244245167273
2017-12-30,2018-01-06,1,HHS Region 7,ili perc,quantile,0.55,2.9622109245167274
2017-12-30,2018-01-06,1,HHS Region 7,ili perc,quantile,0.6000000000000001,3.0140948245167274
2017-12-30,2018-01-06,1,HHS Region 7,ili perc,quantile,0.6500000000000001,3.09204072406885
2017-12-30,2018-01-06,1,HHS Region 7,ili perc,quantile,0.7000000000000001,3.160832156109069
2017-12-30,2018-01-06,1,HHS Region 7,ili perc,quantile,0.7500000000000001,3.2026204589637586
2017-12-30,2018-01-06,1,HHS Region 7,ili perc,quantile,0.8,3.2817122811406327
2017-12-30,2018-01-06,1,HHS Region 7,ili perc,quantile,0.8500000000000001,3.448339924516727
2017-12-30,2018-01-06,1,HHS Region 7,ili perc,quantile,0.9000000000000001,4.156834929859603
2017-12-30,2018-01-06,1,HHS Region 7,ili perc,quantile,0.95,5.186796211595013
2017-12-30,2018-01-06,1,HHS Region 7,ili perc,quantile,0.975,6.530499924516727
2017-12-30,2018-01-06,1,HHS Region 7,ili perc,quantile,0.99,7.588838559694157
2017-12-30,2018-01-13,2,HHS Region 7,ili perc,quantile,0.01,0
2017-12-30,2018-01-13,2,HHS Region 7,ili perc,quantile,0.025,0
2017-12-30,2018-01-13,2,HHS Region 7,ili perc,quantile,0.05,0.6030014245167278
2017-12-30,2018-01-13,2,HHS Region 7,ili perc,quantile,0.1,1.8374498549787184
2017-12-30,2018-01-13,2,HHS Region 7,ili perc,quantile,0.15000000000000002,2.1904560532438424
2017-12-30,2018-01-13,2,HHS Region 7,ili perc,quantile,0.2,2.3589773479362175
2017-12-30,2018-01-13,2,HHS Region 7,ili perc,quantile,0.25,2.4270501000459523
2017-12-30,2018-01-13,2,HHS Region 7,ili perc,quantile,0.3,2.5157399245167276
2017-12-30,2018-01-13,2,HHS Region 7,ili perc,quantile,0.35000000000000003,2.582217924516727
2017-12-30,2018-01-13,2,HHS Region 7,ili perc,quantile,0.4,2.6353573245167277
2017-12-30,2018-01-13,2,HHS Region 7,ili perc,quantile,0.45,2.681044074516727
2017-12-30,2018-01-13,2,HHS Region 7,ili perc,quantile,0.5,2.7600578848318973
2017-12-30,2018-01-13,2,HHS Region 7,ili perc,quantile,0.55,2.791784592426994
2017-12-30,2018-01-13,2,HHS Region 7,ili perc,quantile,0.6000000000000001,2.8374139245167274
2017-12-30,2018-01-13,2,HHS Region 7,ili perc,quantile,0.6500000000000001,2.9045367745167283
2017-12-30,2018-01-13,2,HHS Region 7,ili perc,quantile,0.7000000000000001,2.9756925530310756
2017-12-30,2018-01-13,2,HHS Region 7,ili perc,quantile,0.7500000000000001,3.0517604589637584
2017-12-30,2018-01-13,2,HHS Region 7,ili perc,quantile,0.8,3.154496205733196
2017-12-30,2018-01-13,2,HHS Region 7,ili perc,quantile,0.8500000000000001,3.3095173745167323
2017-12-30,2018-01-13,2,HHS Region 7,ili perc,quantile,0.9000000000000001,3.907816924516727
2017-12-30,2018-01-13,2,HHS Region 7,ili perc,quantile,0.95,5.118076190658626
2017-12-30,2018-01-13,2,HHS Region 7,ili perc,quantile,0.975,7.0936899245167275
2017-12-30,2018-01-13,2,HHS Region 7,ili perc,quantile,0.99,7.590419924516729
2017-12-30,2018-01-20,3,HHS Region 7,ili perc,quantile,0.01,0
2017-12-30,2018-01-20,3,HHS Region 7,ili perc,quantile,0.025,0
2017-12-30,2018-01-20,3,HHS Region 7,ili perc,quantile,0.05,1.2330945077991216
2017-12-30,2018-01-20,3,HHS Region 7,ili perc,quantile,0.1,2.4099399245167272
2017-12-30,2018-01-20,3,HHS Region 7,ili perc,quantile,0.15000000000000002,2.8449202528540436
2017-12-30,2018-01-20,3,HHS Region 7,ili perc,quantile,0.2,3.0422481318936474
2017-12-30,2018-01-20,3,HHS Region 7,ili perc,quantile,0.25,3.1311244038846766
2017-12-30,2018-01-20,3,HHS Region 7,ili perc,quantile,0.3,3.1856079245167273
2017-12-30,2018-01-20,3,HHS Region 7,ili perc,quantile,0.35000000000000003,3.258401686052414
2017-12-30,2018-01-20,3,HHS Region 7,ili perc,quantile,0.4,3.326073651147815
2017-12-30,2018-01-20,3,HHS Region 7,ili perc,quantile,0.45,3.4085080745167273
2017-12-30,2018-01-20,3,HHS Region 7,ili perc,quantile,0.5,3.460824504497893
2017-12-30,2018-01-20,3,HHS Region 7,ili perc,quantile,0.55,3.5152206859005393
2017-12-30,2018-01-20,3,HHS Region 7,ili perc,quantile,0.6000000000000001,3.5672200045167273
2017-12-30,2018-01-20,3,HHS Region 7,ili perc,quantile,0.6500000000000001,3.636784924516727
2017-12-30,2018-01-20,3,HHS Region 7,ili perc,quantile,0.7000000000000001,3.719442156109069
2017-12-30,2018-01-20,3,HHS Region 7,ili perc,quantile,0.7500000000000001,3.7871578412711218
2017-12-30,2018-01-20,3,HHS Region 7,ili perc,quantile,0.8,3.863897453193685
2017-12-30,2018-01-20,3,HHS Region 7,ili perc,quantile,0.8500000000000001,4.255790850226848
2017-12-30,2018-01-20,3,HHS Region 7,ili perc,quantile,0.9000000000000001,4.838120325351921
2017-12-30,2018-01-20,3,HHS Region 7,ili perc,quantile,0.95,5.746010499942684
2017-12-30,2018-01-20,3,HHS Region 7,ili perc,quantile,0.975,7.058385624955317
2017-12-30,2018-01-20,3,HHS Region 7,ili perc,quantile,0.99,8.214359464432533
2017-12-30,2018-01-06,1,HHS Region 8,ili perc,quantile,0.01,0
2017-12-30,2018-01-06,1,HHS Region 8,ili perc,quantile,0.025,0.2620581101669344
2017-12-30,2018-01-06,1,HHS Region 8,ili perc,quantile,0.05,0.7606137366069591
2017-12-30,2018-01-06,1,HHS Region 8,ili perc,quantile,0.1,1.4970052075835043
2017-12-30,2018-01-06,1,HHS Region 8,ili perc,quantile,0.15000000000000002,1.7089568917495606
2017-12-30,2018-01-06,1,HHS Region 8,ili perc,quantile,0.2,1.9338874204013443
2017-12-30,2018-01-06,1,HHS Region 8,ili perc,quantile,0.25,2.0306843858271098
2017-12-30,2018-01-06,1,HHS Region 8,ili perc,quantile,0.3,2.1090632075835045
2017-12-30,2018-01-06,1,HHS Region 8,ili perc,quantile,0.35000000000000003,2.1500866575835045
2017-12-30,2018-01-06,1,HHS Region 8,ili perc,quantile,0.4,2.2118042075835045
2017-12-30,2018-01-06,1,HHS Region 8,ili perc,quantile,0.45,2.2531110888522425
2017-12-30,2018-01-06,1,HHS Region 8,ili perc,quantile,0.5,2.2841152075835045
2017-12-30,2018-01-06,1,HHS Region 8,ili perc,quantile,0.55,2.3281056575835044
2017-12-30,2018-01-06,1,HHS Region 8,ili perc,quantile,0.6000000000000001,2.371526207583505
2017-12-30,2018-01-06,1,HHS Region 8,ili perc,quantile,0.6500000000000001,2.4145884575835046
2017-12-30,2018-01-06,1,HHS Region 8,ili perc,quantile,0.7000000000000001,2.4662582075835044
2017-12-30,2018-01-06,1,HHS Region 8,ili perc,quantile,0.7500000000000001,2.5414564034969005
2017-12-30,2018-01-06,1,HHS Region 8,ili perc,quantile,0.8,2.63259793945669
2017-12-30,2018-01-06,1,HHS Region 8,ili perc,quantile,0.8500000000000001,2.786997074090104
2017-12-30,2018-01-06,1,HHS Region 8,ili perc,quantile,0.9000000000000001,3.041746939781385
2017-12-30,2018-01-06,1,HHS Region 8,ili perc,quantile,0.95,3.7129742075835046
2017-12-30,2018-01-06,1,HHS Region 8,ili perc,quantile,0.975,4.5154060338634885
2017-12-30,2018-01-06,1,HHS Region 8,ili perc,quantile,0.99,7.3746672456831615
2017-12-30,2018-01-13,2,HHS Region 8,ili perc,quantile,0.01,0
2017-12-30,2018-01-13,2,HHS Region 8,ili perc,quantile,0.025,0
2017-12-30,2018-01-13,2,HHS Region 8,ili perc,quantile,0.05,0.24342898106601815
2017-12-30,2018-01-13,2,HHS Region 8,ili perc,quantile,0.1,1.0568303788228872
2017-12-30,2018-01-13,2,HHS Region 8,ili perc,quantile,0.15000000000000002,1.377325207583504
2017-12-30,2018-01-13,2,HHS Region 8,ili perc,quantile,0.2,1.5511852075835044
2017-12-30,2018-01-13,2,HHS Region 8,ili perc,quantile,0.25,1.6706402075835045
2017-12-30,2018-01-13,2,HHS Region 8,ili perc,quantile,0.3,1.723703475538521
2017-12-30,2018-01-13,2,HHS Region 8,ili perc,quantile,0.35000000000000003,1.7949182075835044
2017-12-30,2018-01-13,2,HHS Region 8,ili perc,quantile,0.4,1.8440802075835043
2017-12-30,2018-01-13,2,HHS Region 8,ili perc,quantile,0.45,1.878634818551584
2017-12-30,2018-01-13,2,HHS Region 8,ili perc,quantile,0.5,1.9185452075835043
2017-12-30,2018-01-13,2,HHS Region 8,ili perc,quantile,0.55,1.9489793436474976
2017-12-30,2018-01-13,2,HHS Region 8,ili perc,quantile,0.6000000000000001,1.9927388992792856
2017-12-30,2018-01-13,2,HHS Region 8,ili perc,quantile,0.6500000000000001,2.0245622075835046
2017-12-30,2018-01-13,2,HHS Region 8,ili perc,quantile,0.7000000000000001,2.0919885077853837
2017-12-30,2018-01-13,2,HHS Region 8,ili perc,quantile,0.7500000000000001,2.168013370126876
2017-12-30,2018-01-13,2,HHS Region 8,ili perc,quantile,0.8,2.254080102836228
2017-12-30,2018-01-13,2,HHS Region 8,ili perc,quantile,0.8500000000000001,2.4286323328795145
2017-12-30,2018-01-13,2,HHS Region 8,ili perc,quantile,0.9000000000000001,2.690936939781384
2017-12-30,2018-01-13,2,HHS Region 8,ili perc,quantile,0.95,3.2061024484144487
2017-12-30,2018-01-13,2,HHS Region 8,ili perc,quantile,0.975,4.065831901926694
2017-12-30,2018-01-13,2,HHS Region 8,ili perc,quantile,0.99,5.172914504814352
2017-12-30,2018-01-20,3,HHS Region 8,ili perc,quantile,0.01,0
2017-12-30,2018-01-20,3,HHS Region 8,ili perc,quantile,0.025,0.2710332389623402
2017-12-30,2018-01-20,3,HHS Region 8,ili perc,quantile,0.05,1.00031819130814
2017-12-30,2018-01-20,3,HHS Region 8,ili perc,quantile,0.1,1.5434202718421743
2017-12-30,2018-01-20,3,HHS Region 8,ili perc,quantile,0.15000000000000002,1.7423452075835044
2017-12-30,2018-01-20,3,HHS Region 8,ili perc,quantile,0.2,1.935597207583504
2017-12-30,2018-01-20,3,HHS Region 8,ili perc,quantile,0.25,2.0369572423143194
2017-12-30,2018-01-20,3,HHS Region 8,ili perc,quantile,0.3,2.1189291798947876
2017-12-30,2018-01-20,3,HHS Region 8,ili perc,quantile,0.35000000000000003,2.1685520482709686
2017-12-30,2018-01-20,3,HHS Region 8,ili perc,quantile,0.4,2.2228432075835043
2017-12-30,2018-01-20,3,HHS Region 8,ili perc,quantile,0.45,2.2640923575835044
2017-12-30,2018-01-20,3,HHS Region 8,ili perc,quantile,0.5,2.3019185713414805
2017-12-30,2018-01-20,3,HHS Region 8,ili perc,quantile,0.55,2.3367709575835045
2017-12-30,2018-01-20,3,HHS Region 8,ili perc,quantile,0.6000000000000001,2.3763292075835043
2017-12-30,2018-01-20,3,HHS Region 8,ili perc,quantile,0.6500000000000001,2.416149207583504
2017-12-30,2018-01-20,3,HHS Region 8,ili perc,quantile,0.7000000000000001,2.473110307583504
2017-12-30,2018-01-20,3,HHS Region 8,ili perc,quantile,0.7500000000000001,2.536230682893009
2017-12-30,2018-01-20,3,HHS Region 8,ili perc,quantile,0.8,2.622955807583504
2017-12-30,2018-01-20,3,HHS Region 8,ili perc,quantile,0.8500000000000001,2.7631901088849733
2017-12-30,2018-01-20,3,HHS Region 8,ili perc,quantile,0.9000000000000001,3.184178393268432
2017-12-30,2018-01-20,3,HHS Region 8,ili perc,quantile,0.95,3.7153262945768586
2017-12-30,2018-01-20,3,HHS Region 8,ili perc,quantile,0.975,4.2946000075150526
2017-12-30,2018-01-20,3,HHS Region 8,ili perc,quantile,0.99,5.989053223852605
2017-12-30,2018-01-06,1,HHS Region 9,ili perc,quantile,0.01,0
2017-12-30,2018-01-06,1,HHS Region 9,ili perc,quantile,0.025,0.6027495579724319
2017-12-30,2018-01-06,1,HHS Region 9,ili perc,quantile,0.05,1.373798536328248
2017-12-30,2018-01-06,1,HHS Region 9,ili perc,quantile,0.1,1.9147526983552805
2017-12-30,2018-01-06,1,HHS Region 9,ili perc,quantile,0.15000000000000002,2.235817238573733
2017-12-30,2018-01-06,1,HHS Region 9,ili perc,quantile,0.2,2.48244515589991
2017-12-30,2018-01-06,1,HHS Region 9,ili perc,quantile,0.25,2.63189765589991
2017-12-30,2018-01-06,1,HHS Region 9,ili perc,quantile,0.3,2.72573515589991
2017-12-30,2018-01-06,1,HHS Region 9,ili perc,quantile,0.35000000000000003,2.8071431558999103
2017-12-30,2018-01-06,1,HHS Region 9,ili perc,quantile,0.4,2.88182515589991
2017-12-30,2018-01-06,1,HHS Region 9,ili perc,quantile,0.45,2.9425958777642403
2017-12-30,2018-01-06,1,HHS Region 9,ili perc,quantile,0.5,3.03434515589991
2017-12-30,2018-01-06,1,HHS Region 9,ili perc,quantile,0.55,3.1216761558999107
2017-12-30,2018-01-06,1,HHS Region 9,ili perc,quantile,0.6000000000000001,3.2041451558999103
2017-12-30,2018-01-06,1,HHS Region 9,ili perc,quantile,0.6500000000000001,3.28381515589991
2017-12-30,2018-01-06,1,HHS Region 9,ili perc,quantile,0.7000000000000001,3.384104834329245
2017-12-30,2018-01-06,1,HHS Region 9,ili perc,quantile,0.7500000000000001,3.569097011242339
2017-12-30,2018-01-06,1,HHS Region 9,ili perc,quantile,0.8,3.767721263010434
2017-12-30,2018-01-06,1,HHS Region 9,ili perc,quantile,0.8500000000000001,4.049455155899911
2017-12-30,2018-01-06,1,HHS Region 9,ili perc,quantile,0.9000000000000001,4.42013893727348
2017-12-30,2018-01-06,1,HHS Region 9,ili perc,quantile,0.95,5.386865499023322
2017-12-30,2018-01-06,1,HHS Region 9,ili perc,quantile,0.975,6.16859177126903
2017-12-30,2018-01-06,1,HHS Region 9,ili perc,quantile,0.99,7.52791439542778
2017-12-30,2018-01-13,2,HHS Region 9,ili perc,quantile,0.01,0
2017-12-30,2018-01-13,2,HHS Region 9,ili perc,quantile,0.025,0.08187480863300793
2017-12-30,2018-01-13,2,HHS Region 9,ili perc,quantile,0.05,0.8899074147536535
2017-12-30,2018-01-13,2,HHS Region 9,ili perc,quantile,0.1,1.607981669946487
2017-12-30,2018-01-13,2,HHS Region 9,ili perc,quantile,0.15000000000000002,1.9169308523182904
2017-12-30,2018-01-13,2,HHS Region 9,ili perc,quantile,0.2,2.2176051558999097
2017-12-30,2018-01-13,2,HHS Region 9,ili perc,quantile,0.25,2.36628515589991
2017-12-30,2018-01-13,2,HHS Region 9,ili perc,quantile,0.3,2.4879801558999097
2017-12-30,2018-01-13,2,HHS Region 9,ili perc,quantile,0.35000000000000003,2.5705663154407192
2017-12-30,2018-01-13,2,HHS Region 9,ili perc,quantile,0.4,2.65671515589991
2017-12-30,2018-01-13,2,HHS Region 9,ili perc,quantile,0.45,2.7129751558999096
2017-12-30,2018-01-13,2,HHS Region 9,ili perc,quantile,0.5,2.7848901558999097
2017-12-30,2018-01-13,2,HHS Region 9,ili perc,quantile,0.55,2.87244615589991
2017-12-30,2018-01-13,2,HHS Region 9,ili perc,quantile,0.6000000000000001,2.94617515589991
2017-12-30,2018-01-13,2,HHS Region 9,ili perc,quantile,0.6500000000000001,3.028252052184643
2017-12-30,2018-01-13,2,HHS Region 9,ili perc,quantile,0.7000000000000001,3.11918515589991
2017-12-30,2018-01-13,2,HHS Region 9,ili perc,quantile,0.7500000000000001,3.33098515589991
2017-12-30,2018-01-13,2,HHS Region 9,ili perc,quantile,0.8,3.5796737789052626
2017-12-30,2018-01-13,2,HHS Region 9,ili perc,quantile,0.8500000000000001,3.7944727815174
2017-12-30,2018-01-13,2,HHS Region 9,ili perc,quantile,0.9000000000000001,4.152790534037271
2017-12-30,2018-01-13,2,HHS Region 9,ili perc,quantile,0.95,4.897894529817403
2017-12-30,2018-01-13,2,HHS Region 9,ili perc,quantile,0.975,5.397367422355301
2017-12-30,2018-01-13,2,HHS Region 9,ili perc,quantile,0.99,5.933127692830273
2017-12-30,2018-01-20,3,HHS Region 9,ili perc,quantile,0.01,0
2017-12-30,2018-01-20,3,HHS Region 9,ili perc,quantile,0.025,0
2017-12-30,2018-01-20,3,HHS Region 9,ili perc,quantile,0.05,0.9546535181294832
2017-12-30,2018-01-20,3,HHS Region 9,ili perc,quantile,0.1,1.4509116699464872
2017-12-30,2018-01-20,3,HHS Region 9,ili perc,quantile,0.15000000000000002,1.771442333995506
2017-12-30,2018-01-20,3,HHS Region 9,ili perc,quantile,0.2,2.0804531558999098
2017-12-30,2018-01-20,3,HHS Region 9,ili perc,quantile,0.25,2.2300751558999097
2017-12-30,2018-01-20,3,HHS Region 9,ili perc,quantile,0.3,2.3673551558999097
2017-12-30,2018-01-20,3,HHS Region 9,ili perc,quantile,0.35000000000000003,2.43584515589991
2017-12-30,2018-01-20,3,HHS Region 9,ili perc,quantile,0.4,2.5103624180685298
2017-12-30,2018-01-20,3,HHS Region 9,ili perc,quantile,0.45,2.56254115589991
2017-12-30,2018-01-20,3,HHS Region 9,ili perc,quantile,0.5,2.66882515589991
2017-12-30,2018-01-20,3,HHS Region 9,ili perc,quantile,0.55,2.73320345301341
2017-12-30,2018-01-20,3,HHS Region 9,ili perc,quantile,0.6000000000000001,2.80928414679279
2017-12-30,2018-01-20,3,HHS Region 9,ili perc,quantile,0.6500000000000001,2.8773751558999097
2017-12-30,2018-01-20,3,HHS Region 9,ili perc,quantile,0.7000000000000001,2.9712705558999097
2017-12-30,2018-01-20,3,HHS Region 9,ili perc,quantile,0.7500000000000001,3.15267710078259
2017-12-30,2018-01-20,3,HHS Region 9,ili perc,quantile,0.8,3.382727077983
2017-12-30,2018-01-20,3,HHS Region 9,ili perc,quantile,0.8500000000000001,3.6114851558999095
2017-12-30,2018-01-20,3,HHS Region 9,ili perc,quantile,0.9000000000000001,3.948297389730499
2017-12-30,2018-01-20,3,HHS Region 9,ili perc,quantile,0.95,4.6648388553379725
2017-12-30,2018-01-20,3,HHS Region 9,ili perc,quantile,0.975,5.7301000797674195
2017-12-30,2018-01-20,3,HHS Region 9,ili perc,quantile,0.99,6.891132848624424
2017-12-30,2018-01-06,1,US National,ili perc,quantile,0.01,0
2017-12-30,2018-01-06,1,US National,ili perc,quantile,0.025,0.5335982077018413
2017-12-30,2018-01-06,1,US National,ili perc,quantile,0.05,0.8480936210925172
2017-12-30,2018-01-06,1,US National,ili perc,quantile,0.1,2.0973752563276946
2017-12-30,2018-01-06,1,US National,ili perc,quantile,0.15000000000000002,2.48412967262163
2017-12-30,2018-01-06,1,US National,ili perc,quantile,0.2,2.707863600280898
2017-12-30,2018-01-06,1,US National,ili perc,quantile,0.25,2.841952547683505
2017-12-30,2018-01-06,1,US National,ili perc,quantile,0.3,2.8927208338980845
2017-12-30,2018-01-06,1,US National,ili perc,quantile,0.35000000000000003,2.949084492659668
2017-12-30,2018-01-06,1,US National,ili perc,quantile,0.4,2.9787925476835047
2017-12-30,2018-01-06,1,US National,ili perc,quantile,0.45,3.0212548078520487
2017-12-30,2018-01-06,1,US National,ili perc,quantile,0.5,3.057252547683505
2017-12-30,2018-01-06,1,US National,ili perc,quantile,0.55,3.0897855458684367
2017-12-30,2018-01-06,1,US National,ili perc,quantile,0.6000000000000001,3.1294574281628345
2017-12-30,2018-01-06,1,US National,ili perc,quantile,0.6500000000000001,3.189604297683505
2017-12-30,2018-01-06,1,US National,ili perc,quantile,0.7000000000000001,3.2557055476835046
2017-12-30,2018-01-06,1,US National,ili perc,quantile,0.7500000000000001,3.3178366555484846
2017-12-30,2018-01-06,1,US National,ili perc,quantile,0.8,3.387061547683505
2017-12-30,2018-01-06,1,US National,ili perc,quantile,0.8500000000000001,3.55245822473886
2017-12-30,2018-01-06,1,US National,ili perc,quantile,0.9000000000000001,3.922082547683505
2017-12-30,2018-01-06,1,US National,ili perc,quantile,0.95,4.757843225361342
2017-12-30,2018-01-06,1,US National,ili perc,quantile,0.975,5.715349037343997
2017-12-30,2018-01-06,1,US National,ili perc,quantile,0.99,6.535785221506324
2017-12-30,2018-01-13,2,US National,ili perc,quantile,0.01,0
2017-12-30,2018-01-13,2,US National,ili perc,quantile,0.025,0.2297251173286624
2017-12-30,2018-01-13,2,US National,ili perc,quantile,0.05,1.1928965086449868
2017-12-30,2018-01-13,2,US National,ili perc,quantile,0.1,2.2256525476835045
2017-12-30,2018-01-13,2,US National,ili perc,quantile,0.15000000000000002,2.60434584246557
2017-12-30,2018-01-13,2,US National,ili perc,quantile,0.2,2.781521129917985
2017-12-30,2018-01-13,2,US National,ili perc,quantile,0.25,2.8512375114429154
2017-12-30,2018-01-13,2,US National,ili perc,quantile,0.3,2.905312547683504
2017-12-30,2018-01-13,2,US National,ili perc,quantile,0.35000000000000003,2.945116493698503
2017-12-30,2018-01-13,2,US National,ili perc,quantile,0.4,2.9812125476835045
2017-12-30,2018-01-13,2,US National,ili perc,quantile,0.45,3.011091393597964
2017-12-30,2018-01-13,2,US National,ili perc,quantile,0.5,3.049127547683504
2017-12-30,2018-01-13,2,US National,ili perc,quantile,0.55,3.0762923019396893
2017-12-30,2018-01-13,2,US National,ili perc,quantile,0.6000000000000001,3.1196825476835044
2017-12-30,2018-01-13,2,US National,ili perc,quantile,0.6500000000000001,3.1886059195429746
2017-12-30,2018-01-13,2,US National,ili perc,quantile,0.7000000000000001,3.260770347683505
2017-12-30,2018-01-13,2,US National,ili perc,quantile,0.7500000000000001,3.3553125476835044
2017-12-30,2018-01-13,2,US National,ili perc,quantile,0.8,3.4874824903173693
2017-12-30,2018-01-13,2,US National,ili perc,quantile,0.8500000000000001,3.7042965476835055
2017-12-30,2018-01-13,2,US National,ili perc,quantile,0.9000000000000001,4.021205472665971
2017-12-30,2018-01-13,2,US National,ili perc,quantile,0.95,4.959977217414143
2017-12-30,2018-01-13,2,US National,ili perc,quantile,0.975,5.697631177644577
2017-12-30,2018-01-13,2,US National,ili perc,quantile,0.99,7.002472547683505
2017-12-30,2018-01-20,3,US National,ili perc,quantile,0.01,0
2017-12-30,2018-01-20,3,US National,ili perc,quantile,0.025,0.3753482881534906
2017-12-30,2018-01-20,3,US National,ili perc,quantile,0.05,1.2257629424547332
2017-12-30,2018-01-20,3,US National,ili perc,quantile,0.1,2.5054739854632766
2017-12-30,2018-01-20,3,US National,ili perc,quantile,0.15000000000000002,2.8937102871869977
2017-12-30,2018-01-20,3,US National,ili perc,quantile,0.2,3.1590627987792907
2017-12-30,2018-01-20,3,US National,ili perc,quantile,0.25,3.255023595737773
2017-12-30,2018-01-20,3,US National,ili perc,quantile,0.3,3.32560786103134
2017-12-30,2018-01-20,3,US National,ili perc,quantile,0.35000000000000003,3.3666144072137825
2017-12-30,2018-01-20,3,US National,ili perc,quantile,0.4,3.407378547683505
2017-12-30,2018-01-20,3,US National,ili perc,quantile,0.45,3.442550547683505
2017-12-30,2018-01-20,3,US National,ili perc,quantile,0.5,3.47361013432214
2017-12-30,2018-01-20,3,US National,ili perc,quantile,0.55,3.509662547683505
2017-12-30,2018-01-20,3,US National,ili perc,quantile,0.6000000000000001,3.544639475971102
2017-12-30,2018-01-20,3,US National,ili perc,quantile,0.6500000000000001,3.6087476861284418
2017-12-30,2018-01-20,3,US National,ili perc,quantile,0.7000000000000001,3.678266034409555
2017-12-30,2018-01-20,3,US National,ili perc,quantile,0.7500000000000001,3.7442315476835057
2017-12-30,2018-01-20,3,US National,ili perc,quantile,0.8,3.829992547683505
2017-12-30,2018-01-20,3,US National,ili perc,quantile,0.8500000000000001,4.037234740798628
2017-12-30,2018-01-20,3,US National,ili perc,quantile,0.9000000000000001,4.4196901652962275
2017-12-30,2018-01-20,3,US National,ili perc,quantile,0.95,5.339292547683504
2017-12-30,2018-01-20,3,US National,ili perc,quantile,0.975,5.914734437062755
2017-12-30,2018-01-20,3,US National,ili perc,quantile,0.99,6.863859846156941
