origin_date,location,target,horizon,target_end_date,output_type,output_type_id,value
2020-01-18,HHS Region 1,ili perc,1,2020-01-25,quantile,0.01,0.573085945009844
2020-01-18,HHS Region 1,ili perc,1,2020-01-25,quantile,0.025,1.0623089701521147
2020-01-18,HHS Region 1,ili perc,1,2020-01-25,quantile,0.05,1.4870503832294155
2020-01-18,HHS Region 1,ili perc,1,2020-01-25,quantile,0.1,2.0361131898074967
2020-01-18,HHS Region 1,ili perc,1,2020-01-25,quantile,0.15,2.4388606736361718
2020-01-18,HHS Region 1,ili perc,1,2020-01-25,quantile,0.2,2.6016729279412836
2020-01-18,HHS Region 1,ili perc,1,2020-01-25,quantile,0.25,2.771318621140002
2020-01-18,HHS Region 1,ili perc,1,2020-01-25,quantile,0.3,2.9694772346739353
2020-01-18,HHS Region 1,ili perc,1,2020-01-25,quantile,0.35,3.1099200324770506
2020-01-18,HHS Region 1,ili perc,1,2020-01-25,quantile,0.4,3.266085665433229
2020-01-18,HHS Region 1,ili perc,1,2020-01-25,quantile,0.45,3.398052080897055
2020-01-18,HHS Region 1,ili perc,1,2020-01-25,quantile,0.5,3.533246278323295
2020-01-18,HHS Region 1,ili perc,1,2020-01-25,quantile,0.55,3.677292358644225
2020-01-18,HHS Region 1,ili perc,1,2020-01-25,quantile,0.6,3.8279309265743713
2020-01-18,HHS Region 1,ili perc,1,2020-01-25,quantile,0.65,3.9526848060647124
2020-01-18,HHS Region 1,ili perc,1,2020-01-25,quantile,0.7,4.106682407728075
2020-01-18,HHS Region 1,ili perc,1,2020-01-25,quantile,0.75,4.286198485163901
2020-01-18,HHS Region 1,ili perc,1,2020-01-25,quantile,0.8,4.543682822919195
2020-01-18,HHS Region 1,ili perc,1,2020-01-25,quantile,0.85,5.006129154118959
2020-01-18,HHS Region 1,ili perc,1,2020-01-25,quantile,0.9,5.62076109522894
2020-01-18,HHS Region 1,ili perc,1,2020-01-25,quantile,0.95,6.784189617368336
2020-01-18,HHS Region 1,ili perc,1,2020-01-25,quantile,0.975,7.983781044736054
2020-01-18,HHS Region 1,ili perc,1,2020-01-25,quantile,0.99,9.962951177289353
2020-01-18,HHS Region 1,ili perc,2,2020-02-01,quantile,0.01,0.6636436140507288
2020-01-18,HHS Region 1,ili perc,2,2020-02-01,quantile,0.025,1.1615006274021364
2020-01-18,HHS Region 1,ili perc,2,2020-02-01,quantile,0.05,1.4949182568372177
2020-01-18,HHS Region 1,ili perc,2,2020-02-01,quantile,0.1,2.174525899801996
2020-01-18,HHS Region 1,ili perc,2,2020-02-01,quantile,0.15,2.513348577615486
2020-01-18,HHS Region 1,ili perc,2,2020-02-01,quantile,0.2,2.7016309521187942
2020-01-18,HHS Region 1,ili perc,2,2020-02-01,quantile,0.25,2.8687703338575936
2020-01-18,HHS Region 1,ili perc,2,2020-02-01,quantile,0.3,2.999845917137396
2020-01-18,HHS Region 1,ili perc,2,2020-02-01,quantile,0.35,3.1946371115967303
2020-01-18,HHS Region 1,ili perc,2,2020-02-01,quantile,0.4,3.339988168192918
2020-01-18,HHS Region 1,ili perc,2,2020-02-01,quantile,0.45,3.4626416032300837
2020-01-18,HHS Region 1,ili perc,2,2020-02-01,quantile,0.5,3.5956743993499902
2020-01-18,HHS Region 1,ili perc,2,2020-02-01,quantile,0.55,3.7230973996020618
2020-01-18,HHS Region 1,ili perc,2,2020-02-01,quantile,0.6,3.8346905528596475
2020-01-18,HHS Region 1,ili perc,2,2020-02-01,quantile,0.65,3.984976201645415
2020-01-18,HHS Region 1,ili perc,2,2020-02-01,quantile,0.7,4.194906135790944
2020-01-18,HHS Region 1,ili perc,2,2020-02-01,quantile,0.75,4.438823316150177
2020-01-18,HHS Region 1,ili perc,2,2020-02-01,quantile,0.8,4.7760921593845325
2020-01-18,HHS Region 1,ili perc,2,2020-02-01,quantile,0.85,5.211460927409806
2020-01-18,HHS Region 1,ili perc,2,2020-02-01,quantile,0.9,5.952850867844475
2020-01-18,HHS Region 1,ili perc,2,2020-02-01,quantile,0.95,6.850921463101892
2020-01-18,HHS Region 1,ili perc,2,2020-02-01,quantile,0.975,7.866731123334517
2020-01-18,HHS Region 1,ili perc,2,2020-02-01,quantile,0.99,9.524701201733222
2020-01-18,HHS Region 1,ili perc,3,2020-02-08,quantile,0.01,0.4359785796777337
2020-01-18,HHS Region 1,ili perc,3,2020-02-08,quantile,0.025,1.2891637989966385
2020-01-18,HHS Region 1,ili perc,3,2020-02-08,quantile,0.05,1.6149773016674602
2020-01-18,HHS Region 1,ili perc,3,2020-02-08,quantile,0.1,2.2948650848660748
2020-01-18,HHS Region 1,ili perc,3,2020-02-08,quantile,0.15,2.702079516754176
2020-01-18,HHS Region 1,ili perc,3,2020-02-08,quantile,0.2,2.94026464533295
2020-01-18,HHS Region 1,ili perc,3,2020-02-08,quantile,0.25,3.146960175038495
2020-01-18,HHS Region 1,ili perc,3,2020-02-08,quantile,0.3,3.290049083707806
2020-01-18,HHS Region 1,ili perc,3,2020-02-08,quantile,0.35,3.506630273541285
2020-01-18,HHS Region 1,ili perc,3,2020-02-08,quantile,0.4,3.633818725789151
2020-01-18,HHS Region 1,ili perc,3,2020-02-08,quantile,0.45,3.7549419073000436
2020-01-18,HHS Region 1,ili perc,3,2020-02-08,quantile,0.5,3.8978882522875415
2020-01-18,HHS Region 1,ili perc,3,2020-02-08,quantile,0.55,4.009054137544734
2020-01-18,HHS Region 1,ili perc,3,2020-02-08,quantile,0.6,4.1766467910506915
2020-01-18,HHS Region 1,ili perc,3,2020-02-08,quantile,0.65,4.297417484114559
2020-01-18,HHS Region 1,ili perc,3,2020-02-08,quantile,0.7,4.494383995770182
2020-01-18,HHS Region 1,ili perc,3,2020-02-08,quantile,0.75,4.675600039535615
2020-01-18,HHS Region 1,ili perc,3,2020-02-08,quantile,0.8,5.043050121676332
2020-01-18,HHS Region 1,ili perc,3,2020-02-08,quantile,0.85,5.489654824568445
2020-01-18,HHS Region 1,ili perc,3,2020-02-08,quantile,0.9,6.264292335236059
2020-01-18,HHS Region 1,ili perc,3,2020-02-08,quantile,0.95,7.240493572013038
2020-01-18,HHS Region 1,ili perc,3,2020-02-08,quantile,0.975,8.122567397648881
2020-01-18,HHS Region 1,ili perc,3,2020-02-08,quantile,0.99,10.506899406556524
2020-01-18,HHS Region 1,ili perc,4,2020-02-15,quantile,0.01,0.6970758766060141
2020-01-18,HHS Region 1,ili perc,4,2020-02-15,quantile,0.025,1.3227952007096253
2020-01-18,HHS Region 1,ili perc,4,2020-02-15,quantile,0.05,1.6746594641107242
2020-01-18,HHS Region 1,ili perc,4,2020-02-15,quantile,0.1,2.334511885546502
2020-01-18,HHS Region 1,ili perc,4,2020-02-15,quantile,0.15,2.59762768469105
2020-01-18,HHS Region 1,ili perc,4,2020-02-15,quantile,0.2,2.811881102562146
2020-01-18,HHS Region 1,ili perc,4,2020-02-15,quantile,0.25,2.9968039743073915
2020-01-18,HHS Region 1,ili perc,4,2020-02-15,quantile,0.3,3.154551299531055
2020-01-18,HHS Region 1,ili perc,4,2020-02-15,quantile,0.35,3.3186557056793444
2020-01-18,HHS Region 1,ili perc,4,2020-02-15,quantile,0.4,3.424017942379181
2020-01-18,HHS Region 1,ili perc,4,2020-02-15,quantile,0.45,3.5532204749324423
2020-01-18,HHS Region 1,ili perc,4,2020-02-15,quantile,0.5,3.682719955809583
2020-01-18,HHS Region 1,ili perc,4,2020-02-15,quantile,0.55,3.7768607251541315
2020-01-18,HHS Region 1,ili perc,4,2020-02-15,quantile,0.6,3.9307639776693692
2020-01-18,HHS Region 1,ili perc,4,2020-02-15,quantile,0.65,4.044706172831194
2020-01-18,HHS Region 1,ili perc,4,2020-02-15,quantile,0.7,4.22469812524363
2020-01-18,HHS Region 1,ili perc,4,2020-02-15,quantile,0.75,4.428477727662915
2020-01-18,HHS Region 1,ili perc,4,2020-02-15,quantile,0.8,4.814957924352676
2020-01-18,HHS Region 1,ili perc,4,2020-02-15,quantile,0.85,5.1332910418050135
2020-01-18,HHS Region 1,ili perc,4,2020-02-15,quantile,0.9,5.788614914713587
2020-01-18,HHS Region 1,ili perc,4,2020-02-15,quantile,0.95,6.945310592419939
2020-01-18,HHS Region 1,ili perc,4,2020-02-15,quantile,0.975,7.778930396919115
2020-01-18,HHS Region 1,ili perc,4,2020-02-15,quantile,0.99,10.118335700945721
2020-01-18,HHS Region 10,ili perc,1,2020-01-25,quantile,0.01,0.19906446579412074
2020-01-18,HHS Region 10,ili perc,1,2020-01-25,quantile,0.025,0.42776721069582685
2020-01-18,HHS Region 10,ili perc,1,2020-01-25,quantile,0.05,0.5186238033545514
2020-01-18,HHS Region 10,ili perc,1,2020-01-25,quantile,0.1,0.8369027112674318
2020-01-18,HHS Region 10,ili perc,1,2020-01-25,quantile,0.15,1.1106555105077582
2020-01-18,HHS Region 10,ili perc,1,2020-01-25,quantile,0.2,1.3201425666236948
2020-01-18,HHS Region 10,ili perc,1,2020-01-25,quantile,0.25,1.4857139075493717
2020-01-18,HHS Region 10,ili perc,1,2020-01-25,quantile,0.3,1.6548218429954473
2020-01-18,HHS Region 10,ili perc,1,2020-01-25,quantile,0.35,1.8149567463150436
2020-01-18,HHS Region 10,ili perc,1,2020-01-25,quantile,0.4,1.9652140310597808
2020-01-18,HHS Region 10,ili perc,1,2020-01-25,quantile,0.45,2.088544384044317
2020-01-18,HHS Region 10,ili perc,1,2020-01-25,quantile,0.5,2.245346307104147
2020-01-18,HHS Region 10,ili perc,1,2020-01-25,quantile,0.55,2.382766462277927
2020-01-18,HHS Region 10,ili perc,1,2020-01-25,quantile,0.6,2.521761473318793
2020-01-18,HHS Region 10,ili perc,1,2020-01-25,quantile,0.65,2.657310253243338
2020-01-18,HHS Region 10,ili perc,1,2020-01-25,quantile,0.7,2.838265653688464
2020-01-18,HHS Region 10,ili perc,1,2020-01-25,quantile,0.75,3.061225882234892
2020-01-18,HHS Region 10,ili perc,1,2020-01-25,quantile,0.8,3.3232011710206537
2020-01-18,HHS Region 10,ili perc,1,2020-01-25,quantile,0.85,3.5811225130025206
2020-01-18,HHS Region 10,ili perc,1,2020-01-25,quantile,0.9,4.161816523872481
2020-01-18,HHS Region 10,ili perc,1,2020-01-25,quantile,0.95,5.3291684951552085
2020-01-18,HHS Region 10,ili perc,1,2020-01-25,quantile,0.975,7.445439011404217
2020-01-18,HHS Region 10,ili perc,1,2020-01-25,quantile,0.99,11.066401642170982
2020-01-18,HHS Region 10,ili perc,2,2020-02-01,quantile,0.01,0.12155806742312227
2020-01-18,HHS Region 10,ili perc,2,2020-02-01,quantile,0.025,0.4514301542680794
2020-01-18,HHS Region 10,ili perc,2,2020-02-01,quantile,0.05,0.5818691194672255
2020-01-18,HHS Region 10,ili perc,2,2020-02-01,quantile,0.1,1.102456762523065
2020-01-18,HHS Region 10,ili perc,2,2020-02-01,quantile,0.15,1.3605043875753373
2020-01-18,HHS Region 10,ili perc,2,2020-02-01,quantile,0.2,1.5762124451891586
2020-01-18,HHS Region 10,ili perc,2,2020-02-01,quantile,0.25,1.7940038172154598
2020-01-18,HHS Region 10,ili perc,2,2020-02-01,quantile,0.3,1.947120307706
2020-01-18,HHS Region 10,ili perc,2,2020-02-01,quantile,0.35,2.1293263649636858
2020-01-18,HHS Region 10,ili perc,2,2020-02-01,quantile,0.4,2.2935385715935306
2020-01-18,HHS Region 10,ili perc,2,2020-02-01,quantile,0.45,2.493279184975889
2020-01-18,HHS Region 10,ili perc,2,2020-02-01,quantile,0.5,2.702268596608042
2020-01-18,HHS Region 10,ili perc,2,2020-02-01,quantile,0.55,2.9023024493518985
2020-01-18,HHS Region 10,ili perc,2,2020-02-01,quantile,0.6,3.0110574648441153
2020-01-18,HHS Region 10,ili perc,2,2020-02-01,quantile,0.65,3.2366745205957788
2020-01-18,HHS Region 10,ili perc,2,2020-02-01,quantile,0.7,3.424927510249395
2020-01-18,HHS Region 10,ili perc,2,2020-02-01,quantile,0.75,3.630073436719943
2020-01-18,HHS Region 10,ili perc,2,2020-02-01,quantile,0.8,3.8780062520518483
2020-01-18,HHS Region 10,ili perc,2,2020-02-01,quantile,0.85,4.235079696309407
2020-01-18,HHS Region 10,ili perc,2,2020-02-01,quantile,0.9,4.976772564924963
2020-01-18,HHS Region 10,ili perc,2,2020-02-01,quantile,0.95,5.992551806714684
2020-01-18,HHS Region 10,ili perc,2,2020-02-01,quantile,0.975,8.330897696713418
2020-01-18,HHS Region 10,ili perc,2,2020-02-01,quantile,0.99,12.635712438194032
2020-01-18,HHS Region 10,ili perc,3,2020-02-08,quantile,0.01,0.2627170974863728
2020-01-18,HHS Region 10,ili perc,3,2020-02-08,quantile,0.025,0.5860828056598247
2020-01-18,HHS Region 10,ili perc,3,2020-02-08,quantile,0.05,0.7793698571944473
2020-01-18,HHS Region 10,ili perc,3,2020-02-08,quantile,0.1,1.2554697245516817
2020-01-18,HHS Region 10,ili perc,3,2020-02-08,quantile,0.15,1.713726972831563
2020-01-18,HHS Region 10,ili perc,3,2020-02-08,quantile,0.2,1.9086708102099985
2020-01-18,HHS Region 10,ili perc,3,2020-02-08,quantile,0.25,2.163943785907234
2020-01-18,HHS Region 10,ili perc,3,2020-02-08,quantile,0.3,2.2909947953281513
2020-01-18,HHS Region 10,ili perc,3,2020-02-08,quantile,0.35,2.545625795002347
2020-01-18,HHS Region 10,ili perc,3,2020-02-08,quantile,0.4,2.7422082982151332
2020-01-18,HHS Region 10,ili perc,3,2020-02-08,quantile,0.45,2.9633630955190324
2020-01-18,HHS Region 10,ili perc,3,2020-02-08,quantile,0.5,3.1078277861988566
2020-01-18,HHS Region 10,ili perc,3,2020-02-08,quantile,0.55,3.3017545556130177
2020-01-18,HHS Region 10,ili perc,3,2020-02-08,quantile,0.6,3.4868591023654107
2020-01-18,HHS Region 10,ili perc,3,2020-02-08,quantile,0.65,3.6452091786474345
2020-01-18,HHS Region 10,ili perc,3,2020-02-08,quantile,0.7,3.8506177364327767
2020-01-18,HHS Region 10,ili perc,3,2020-02-08,quantile,0.75,4.171388479670622
2020-01-18,HHS Region 10,ili perc,3,2020-02-08,quantile,0.8,4.484949076062878
2020-01-18,HHS Region 10,ili perc,3,2020-02-08,quantile,0.85,5.024968005398636
2020-01-18,HHS Region 10,ili perc,3,2020-02-08,quantile,0.9,5.732308284569283
2020-01-18,HHS Region 10,ili perc,3,2020-02-08,quantile,0.95,7.2162799763013155
2020-01-18,HHS Region 10,ili perc,3,2020-02-08,quantile,0.975,8.727832811168529
2020-01-18,HHS Region 10,ili perc,3,2020-02-08,quantile,0.99,12.421954981405445
2020-01-18,HHS Region 10,ili perc,4,2020-02-15,quantile,0.01,0.25718517002990054
2020-01-18,HHS Region 10,ili perc,4,2020-02-15,quantile,0.025,0.7974138643374957
2020-01-18,HHS Region 10,ili perc,4,2020-02-15,quantile,0.05,0.9718926527592634
2020-01-18,HHS Region 10,ili perc,4,2020-02-15,quantile,0.1,1.5629839072773482
2020-01-18,HHS Region 10,ili perc,4,2020-02-15,quantile,0.15,1.9694976142698901
2020-01-18,HHS Region 10,ili perc,4,2020-02-15,quantile,0.2,2.234132944747171
2020-01-18,HHS Region 10,ili perc,4,2020-02-15,quantile,0.25,2.5548545072555124
2020-01-18,HHS Region 10,ili perc,4,2020-02-15,quantile,0.3,2.7591440231030187
2020-01-18,HHS Region 10,ili perc,4,2020-02-15,quantile,0.35,2.982865823119729
2020-01-18,HHS Region 10,ili perc,4,2020-02-15,quantile,0.4,3.1901338824713625
2020-01-18,HHS Region 10,ili perc,4,2020-02-15,quantile,0.45,3.406135164056687
2020-01-18,HHS Region 10,ili perc,4,2020-02-15,quantile,0.5,3.60666517031795
2020-01-18,HHS Region 10,ili perc,4,2020-02-15,quantile,0.55,3.7913601250204536
2020-01-18,HHS Region 10,ili perc,4,2020-02-15,quantile,0.6,4.0336443161521265
2020-01-18,HHS Region 10,ili perc,4,2020-02-15,quantile,0.65,4.324016066957833
2020-01-18,HHS Region 10,ili perc,4,2020-02-15,quantile,0.7,4.566112319149322
2020-01-18,HHS Region 10,ili perc,4,2020-02-15,quantile,0.75,4.928474294511618
2020-01-18,HHS Region 10,ili perc,4,2020-02-15,quantile,0.8,5.2317958457492795
2020-01-18,HHS Region 10,ili perc,4,2020-02-15,quantile,0.85,5.713695791653026
2020-01-18,HHS Region 10,ili perc,4,2020-02-15,quantile,0.9,6.629286614326653
2020-01-18,HHS Region 10,ili perc,4,2020-02-15,quantile,0.95,7.857935223741026
2020-01-18,HHS Region 10,ili perc,4,2020-02-15,quantile,0.975,9.256403702228015
2020-01-18,HHS Region 10,ili perc,4,2020-02-15,quantile,0.99,14.832013015178994
2020-01-18,HHS Region 2,ili perc,1,2020-01-25,quantile,0.01,1.2881758724912389
2020-01-18,HHS Region 2,ili perc,1,2020-01-25,quantile,0.025,1.7833428047270152
2020-01-18,HHS Region 2,ili perc,1,2020-01-25,quantile,0.05,2.195478330108182
2020-01-18,HHS Region 2,ili perc,1,2020-01-25,quantile,0.1,2.810236895264961
2020-01-18,HHS Region 2,ili perc,1,2020-01-25,quantile,0.15,3.081078242851194
2020-01-18,HHS Region 2,ili perc,1,2020-01-25,quantile,0.2,3.46659127346386
2020-01-18,HHS Region 2,ili perc,1,2020-01-25,quantile,0.25,3.780480774719868
2020-01-18,HHS Region 2,ili perc,1,2020-01-25,quantile,0.3,4.041639919355061
2020-01-18,HHS Region 2,ili perc,1,2020-01-25,quantile,0.35,4.254982102720657
2020-01-18,HHS Region 2,ili perc,1,2020-01-25,quantile,0.4,4.497815102430403
2020-01-18,HHS Region 2,ili perc,1,2020-01-25,quantile,0.45,4.720653758359241
2020-01-18,HHS Region 2,ili perc,1,2020-01-25,quantile,0.5,4.972867849827297
2020-01-18,HHS Region 2,ili perc,1,2020-01-25,quantile,0.55,5.174407753758773
2020-01-18,HHS Region 2,ili perc,1,2020-01-25,quantile,0.6,5.419661123059255
2020-01-18,HHS Region 2,ili perc,1,2020-01-25,quantile,0.65,5.582782040967417
2020-01-18,HHS Region 2,ili perc,1,2020-01-25,quantile,0.7,5.926604154677152
2020-01-18,HHS Region 2,ili perc,1,2020-01-25,quantile,0.75,6.232216020071182
2020-01-18,HHS Region 2,ili perc,1,2020-01-25,quantile,0.8,6.7571478474074915
2020-01-18,HHS Region 2,ili perc,1,2020-01-25,quantile,0.85,7.0513110650225075
2020-01-18,HHS Region 2,ili perc,1,2020-01-25,quantile,0.9,7.5524183224862345
2020-01-18,HHS Region 2,ili perc,1,2020-01-25,quantile,0.95,8.819856507332197
2020-01-18,HHS Region 2,ili perc,1,2020-01-25,quantile,0.975,10.366988420371115
2020-01-18,HHS Region 2,ili perc,1,2020-01-25,quantile,0.99,11.908638609980494
2020-01-18,HHS Region 2,ili perc,2,2020-02-01,quantile,0.01,0.8765246366204663
2020-01-18,HHS Region 2,ili perc,2,2020-02-01,quantile,0.025,1.6835389666662497
2020-01-18,HHS Region 2,ili perc,2,2020-02-01,quantile,0.05,2.200636002693804
2020-01-18,HHS Region 2,ili perc,2,2020-02-01,quantile,0.1,2.6766192222948164
2020-01-18,HHS Region 2,ili perc,2,2020-02-01,quantile,0.15,2.988502054245953
2020-01-18,HHS Region 2,ili perc,2,2020-02-01,quantile,0.2,3.2423460824660695
2020-01-18,HHS Region 2,ili perc,2,2020-02-01,quantile,0.25,3.557504845284838
2020-01-18,HHS Region 2,ili perc,2,2020-02-01,quantile,0.3,3.913697529922142
2020-01-18,HHS Region 2,ili perc,2,2020-02-01,quantile,0.35,4.09665049057835
2020-01-18,HHS Region 2,ili perc,2,2020-02-01,quantile,0.4,4.356827464565226
2020-01-18,HHS Region 2,ili perc,2,2020-02-01,quantile,0.45,4.527984527631583
2020-01-18,HHS Region 2,ili perc,2,2020-02-01,quantile,0.5,4.87849586530994
2020-01-18,HHS Region 2,ili perc,2,2020-02-01,quantile,0.55,5.103575041024039
2020-01-18,HHS Region 2,ili perc,2,2020-02-01,quantile,0.6,5.281027081532332
2020-01-18,HHS Region 2,ili perc,2,2020-02-01,quantile,0.65,5.531286277590812
2020-01-18,HHS Region 2,ili perc,2,2020-02-01,quantile,0.7,5.890416721566259
2020-01-18,HHS Region 2,ili perc,2,2020-02-01,quantile,0.75,6.266986263848974
2020-01-18,HHS Region 2,ili perc,2,2020-02-01,quantile,0.8,6.690285914164317
2020-01-18,HHS Region 2,ili perc,2,2020-02-01,quantile,0.85,7.09660821580285
2020-01-18,HHS Region 2,ili perc,2,2020-02-01,quantile,0.9,7.753969566877197
2020-01-18,HHS Region 2,ili perc,2,2020-02-01,quantile,0.95,9.82328470810363
2020-01-18,HHS Region 2,ili perc,2,2020-02-01,quantile,0.975,11.107554215016659
2020-01-18,HHS Region 2,ili perc,2,2020-02-01,quantile,0.99,14.362420094552736
2020-01-18,HHS Region 2,ili perc,3,2020-02-08,quantile,0.01,0.9373126139241853
2020-01-18,HHS Region 2,ili perc,3,2020-02-08,quantile,0.025,1.8713847678535251
2020-01-18,HHS Region 2,ili perc,3,2020-02-08,quantile,0.05,2.358581054020702
2020-01-18,HHS Region 2,ili perc,3,2020-02-08,quantile,0.1,2.851683011572189
2020-01-18,HHS Region 2,ili perc,3,2020-02-08,quantile,0.15,3.181250206439023
2020-01-18,HHS Region 2,ili perc,3,2020-02-08,quantile,0.2,3.491882155314114
2020-01-18,HHS Region 2,ili perc,3,2020-02-08,quantile,0.25,3.831331644509454
2020-01-18,HHS Region 2,ili perc,3,2020-02-08,quantile,0.3,4.1378034573838045
2020-01-18,HHS Region 2,ili perc,3,2020-02-08,quantile,0.35,4.297804653331904
2020-01-18,HHS Region 2,ili perc,3,2020-02-08,quantile,0.4,4.455098858541474
2020-01-18,HHS Region 2,ili perc,3,2020-02-08,quantile,0.45,4.69837248980803
2020-01-18,HHS Region 2,ili perc,3,2020-02-08,quantile,0.5,4.95619452145716
2020-01-18,HHS Region 2,ili perc,3,2020-02-08,quantile,0.55,5.302371191819551
2020-01-18,HHS Region 2,ili perc,3,2020-02-08,quantile,0.6,5.447939152657601
2020-01-18,HHS Region 2,ili perc,3,2020-02-08,quantile,0.65,5.739545246856182
2020-01-18,HHS Region 2,ili perc,3,2020-02-08,quantile,0.7,6.050898303578253
2020-01-18,HHS Region 2,ili perc,3,2020-02-08,quantile,0.75,6.583001365842887
2020-01-18,HHS Region 2,ili perc,3,2020-02-08,quantile,0.8,7.068405360313497
2020-01-18,HHS Region 2,ili perc,3,2020-02-08,quantile,0.85,7.334833076218263
2020-01-18,HHS Region 2,ili perc,3,2020-02-08,quantile,0.9,8.064206949031078
2020-01-18,HHS Region 2,ili perc,3,2020-02-08,quantile,0.95,9.623245050007016
2020-01-18,HHS Region 2,ili perc,3,2020-02-08,quantile,0.975,12.157914559540522
2020-01-18,HHS Region 2,ili perc,3,2020-02-08,quantile,0.99,15.58851800857986
2020-01-18,HHS Region 2,ili perc,4,2020-02-15,quantile,0.01,0.9182248949102002
2020-01-18,HHS Region 2,ili perc,4,2020-02-15,quantile,0.025,1.5999299119199044
2020-01-18,HHS Region 2,ili perc,4,2020-02-15,quantile,0.05,2.380735307282553
2020-01-18,HHS Region 2,ili perc,4,2020-02-15,quantile,0.1,2.8684590601797644
2020-01-18,HHS Region 2,ili perc,4,2020-02-15,quantile,0.15,3.2731178037321724
2020-01-18,HHS Region 2,ili perc,4,2020-02-15,quantile,0.2,3.531186027323505
2020-01-18,HHS Region 2,ili perc,4,2020-02-15,quantile,0.25,3.8483279234326133
2020-01-18,HHS Region 2,ili perc,4,2020-02-15,quantile,0.3,4.217630998817777
2020-01-18,HHS Region 2,ili perc,4,2020-02-15,quantile,0.35,4.522814837226603
2020-01-18,HHS Region 2,ili perc,4,2020-02-15,quantile,0.4,4.764941173133136
2020-01-18,HHS Region 2,ili perc,4,2020-02-15,quantile,0.45,4.934793101854369
2020-01-18,HHS Region 2,ili perc,4,2020-02-15,quantile,0.5,5.1663788359320355
2020-01-18,HHS Region 2,ili perc,4,2020-02-15,quantile,0.55,5.475832277571168
2020-01-18,HHS Region 2,ili perc,4,2020-02-15,quantile,0.6,5.7051826744565775
2020-01-18,HHS Region 2,ili perc,4,2020-02-15,quantile,0.65,5.963636826908591
2020-01-18,HHS Region 2,ili perc,4,2020-02-15,quantile,0.7,6.411086546368447
2020-01-18,HHS Region 2,ili perc,4,2020-02-15,quantile,0.75,6.793706972886396
2020-01-18,HHS Region 2,ili perc,4,2020-02-15,quantile,0.8,7.221390649393657
2020-01-18,HHS Region 2,ili perc,4,2020-02-15,quantile,0.85,7.579428159936506
2020-01-18,HHS Region 2,ili perc,4,2020-02-15,quantile,0.9,8.315125580254858
2020-01-18,HHS Region 2,ili perc,4,2020-02-15,quantile,0.95,9.916290684674912
2020-01-18,HHS Region 2,ili perc,4,2020-02-15,quantile,0.975,11.040408667194342
2020-01-18,HHS Region 2,ili perc,4,2020-02-15,quantile,0.99,11.676841442330435
2020-01-18,HHS Region 3,ili perc,1,2020-01-25,quantile,0.01,1.0539696943248922
2020-01-18,HHS Region 3,ili perc,1,2020-01-25,quantile,0.025,1.2625388382903384
2020-01-18,HHS Region 3,ili perc,1,2020-01-25,quantile,0.05,1.5076039317408976
2020-01-18,HHS Region 3,ili perc,1,2020-01-25,quantile,0.1,1.839328992084648
2020-01-18,HHS Region 3,ili perc,1,2020-01-25,quantile,0.15,2.304098713702121
2020-01-18,HHS Region 3,ili perc,1,2020-01-25,quantile,0.2,2.5908757383273806
2020-01-18,HHS Region 3,ili perc,1,2020-01-25,quantile,0.25,2.7349200104244464
2020-01-18,HHS Region 3,ili perc,1,2020-01-25,quantile,0.3,2.9123265360125155
2020-01-18,HHS Region 3,ili perc,1,2020-01-25,quantile,0.35,3.014762490823075
2020-01-18,HHS Region 3,ili perc,1,2020-01-25,quantile,0.4,3.1558435256334505
2020-01-18,HHS Region 3,ili perc,1,2020-01-25,quantile,0.45,3.2688780984440493
2020-01-18,HHS Region 3,ili perc,1,2020-01-25,quantile,0.5,3.4365138538160425
2020-01-18,HHS Region 3,ili perc,1,2020-01-25,quantile,0.55,3.6201209649761648
2020-01-18,HHS Region 3,ili perc,1,2020-01-25,quantile,0.6,3.779554913095203
2020-01-18,HHS Region 3,ili perc,1,2020-01-25,quantile,0.65,3.928277436155026
2020-01-18,HHS Region 3,ili perc,1,2020-01-25,quantile,0.7,4.055756509919059
2020-01-18,HHS Region 3,ili perc,1,2020-01-25,quantile,0.75,4.292169001649166
2020-01-18,HHS Region 3,ili perc,1,2020-01-25,quantile,0.8,4.692496909625751
2020-01-18,HHS Region 3,ili perc,1,2020-01-25,quantile,0.85,5.164624697303439
2020-01-18,HHS Region 3,ili perc,1,2020-01-25,quantile,0.9,5.935948582546833
2020-01-18,HHS Region 3,ili perc,1,2020-01-25,quantile,0.95,7.16222708222294
2020-01-18,HHS Region 3,ili perc,1,2020-01-25,quantile,0.975,7.823650299464206
2020-01-18,HHS Region 3,ili perc,1,2020-01-25,quantile,0.99,10.858173749842477
2020-01-18,HHS Region 3,ili perc,2,2020-02-01,quantile,0.01,0.7045250397565104
2020-01-18,HHS Region 3,ili perc,2,2020-02-01,quantile,0.025,1.31395047242718
2020-01-18,HHS Region 3,ili perc,2,2020-02-01,quantile,0.05,1.5624877812161415
2020-01-18,HHS Region 3,ili perc,2,2020-02-01,quantile,0.1,2.0116818328172243
2020-01-18,HHS Region 3,ili perc,2,2020-02-01,quantile,0.15,2.2687951265103106
2020-01-18,HHS Region 3,ili perc,2,2020-02-01,quantile,0.2,2.5927957960920907
2020-01-18,HHS Region 3,ili perc,2,2020-02-01,quantile,0.25,2.8577482051534293
2020-01-18,HHS Region 3,ili perc,2,2020-02-01,quantile,0.3,3.05562337819128
2020-01-18,HHS Region 3,ili perc,2,2020-02-01,quantile,0.35,3.198465445251819
2020-01-18,HHS Region 3,ili perc,2,2020-02-01,quantile,0.4,3.3268399069133454
2020-01-18,HHS Region 3,ili perc,2,2020-02-01,quantile,0.45,3.429942391827482
2020-01-18,HHS Region 3,ili perc,2,2020-02-01,quantile,0.5,3.6278794380323225
2020-01-18,HHS Region 3,ili perc,2,2020-02-01,quantile,0.55,3.744205245612812
2020-01-18,HHS Region 3,ili perc,2,2020-02-01,quantile,0.6,3.8652020720548945
2020-01-18,HHS Region 3,ili perc,2,2020-02-01,quantile,0.65,3.9913254423628186
2020-01-18,HHS Region 3,ili perc,2,2020-02-01,quantile,0.7,4.136802353997741
2020-01-18,HHS Region 3,ili perc,2,2020-02-01,quantile,0.75,4.3558209553433205
2020-01-18,HHS Region 3,ili perc,2,2020-02-01,quantile,0.8,4.817133083025959
2020-01-18,HHS Region 3,ili perc,2,2020-02-01,quantile,0.85,5.370339251011994
2020-01-18,HHS Region 3,ili perc,2,2020-02-01,quantile,0.9,6.1058080119025435
2020-01-18,HHS Region 3,ili perc,2,2020-02-01,quantile,0.95,7.236757406630012
2020-01-18,HHS Region 3,ili perc,2,2020-02-01,quantile,0.975,9.524093368251451
2020-01-18,HHS Region 3,ili perc,2,2020-02-01,quantile,0.99,12.858384947846053
2020-01-18,HHS Region 3,ili perc,3,2020-02-08,quantile,0.01,0.9997756512948093
2020-01-18,HHS Region 3,ili perc,3,2020-02-08,quantile,0.025,1.4349840727271468
2020-01-18,HHS Region 3,ili perc,3,2020-02-08,quantile,0.05,1.853838661956005
2020-01-18,HHS Region 3,ili perc,3,2020-02-08,quantile,0.1,2.2815130262826355
2020-01-18,HHS Region 3,ili perc,3,2020-02-08,quantile,0.15,2.708717226720518
2020-01-18,HHS Region 3,ili perc,3,2020-02-08,quantile,0.2,3.059915500778683
2020-01-18,HHS Region 3,ili perc,3,2020-02-08,quantile,0.25,3.3035209094177818
2020-01-18,HHS Region 3,ili perc,3,2020-02-08,quantile,0.3,3.501235137794424
2020-01-18,HHS Region 3,ili perc,3,2020-02-08,quantile,0.35,3.688652978358097
2020-01-18,HHS Region 3,ili perc,3,2020-02-08,quantile,0.4,3.8506633914243404
2020-01-18,HHS Region 3,ili perc,3,2020-02-08,quantile,0.45,3.9906898525084435
2020-01-18,HHS Region 3,ili perc,3,2020-02-08,quantile,0.5,4.2209132265149245
2020-01-18,HHS Region 3,ili perc,3,2020-02-08,quantile,0.55,4.366360166623257
2020-01-18,HHS Region 3,ili perc,3,2020-02-08,quantile,0.6,4.59922106947817
2020-01-18,HHS Region 3,ili perc,3,2020-02-08,quantile,0.65,4.721608445846072
2020-01-18,HHS Region 3,ili perc,3,2020-02-08,quantile,0.7,4.891214768296063
2020-01-18,HHS Region 3,ili perc,3,2020-02-08,quantile,0.75,5.148642987011641
2020-01-18,HHS Region 3,ili perc,3,2020-02-08,quantile,0.8,5.632186752219284
2020-01-18,HHS Region 3,ili perc,3,2020-02-08,quantile,0.85,6.18244633236414
2020-01-18,HHS Region 3,ili perc,3,2020-02-08,quantile,0.9,6.979243840293802
2020-01-18,HHS Region 3,ili perc,3,2020-02-08,quantile,0.95,8.777999272311384
2020-01-18,HHS Region 3,ili perc,3,2020-02-08,quantile,0.975,9.845953616150538
2020-01-18,HHS Region 3,ili perc,3,2020-02-08,quantile,0.99,15.137091772796529
2020-01-18,HHS Region 3,ili perc,4,2020-02-15,quantile,0.01,0.6590897268366409
2020-01-18,HHS Region 3,ili perc,4,2020-02-15,quantile,0.025,1.5529810622467746
2020-01-18,HHS Region 3,ili perc,4,2020-02-15,quantile,0.05,1.985593586797508
2020-01-18,HHS Region 3,ili perc,4,2020-02-15,quantile,0.1,2.3249095663056525
2020-01-18,HHS Region 3,ili perc,4,2020-02-15,quantile,0.15,2.812465398234817
2020-01-18,HHS Region 3,ili perc,4,2020-02-15,quantile,0.2,3.234032896701296
2020-01-18,HHS Region 3,ili perc,4,2020-02-15,quantile,0.25,3.6044013338803866
2020-01-18,HHS Region 3,ili perc,4,2020-02-15,quantile,0.3,3.85060616833147
2020-01-18,HHS Region 3,ili perc,4,2020-02-15,quantile,0.35,4.029738644139705
2020-01-18,HHS Region 3,ili perc,4,2020-02-15,quantile,0.4,4.182767364763598
2020-01-18,HHS Region 3,ili perc,4,2020-02-15,quantile,0.45,4.367443300735866
2020-01-18,HHS Region 3,ili perc,4,2020-02-15,quantile,0.5,4.548627477152488
2020-01-18,HHS Region 3,ili perc,4,2020-02-15,quantile,0.55,4.695342893109187
2020-01-18,HHS Region 3,ili perc,4,2020-02-15,quantile,0.6,4.84796939997963
2020-01-18,HHS Region 3,ili perc,4,2020-02-15,quantile,0.65,4.948281901622694
2020-01-18,HHS Region 3,ili perc,4,2020-02-15,quantile,0.7,5.1837779999023725
2020-01-18,HHS Region 3,ili perc,4,2020-02-15,quantile,0.75,5.4403828300477715
2020-01-18,HHS Region 3,ili perc,4,2020-02-15,quantile,0.8,5.952963660193283
2020-01-18,HHS Region 3,ili perc,4,2020-02-15,quantile,0.85,6.633096863820662
2020-01-18,HHS Region 3,ili perc,4,2020-02-15,quantile,0.9,7.337405120978465
2020-01-18,HHS Region 3,ili perc,4,2020-02-15,quantile,0.95,8.872296404828617
2020-01-18,HHS Region 3,ili perc,4,2020-02-15,quantile,0.975,10.243584539205584
2020-01-18,HHS Region 3,ili perc,4,2020-02-15,quantile,0.99,14.777259729429614
2020-01-18,HHS Region 4,ili perc,1,2020-01-25,quantile,0.01,0.8746668074837163
2020-01-18,HHS Region 4,ili perc,1,2020-01-25,quantile,0.025,1.2561384807414666
2020-01-18,HHS Region 4,ili perc,1,2020-01-25,quantile,0.05,1.5624475760251189
2020-01-18,HHS Region 4,ili perc,1,2020-01-25,quantile,0.1,2.1551769737828943
2020-01-18,HHS Region 4,ili perc,1,2020-01-25,quantile,0.15,2.411813864226706
2020-01-18,HHS Region 4,ili perc,1,2020-01-25,quantile,0.2,2.787542042401943
2020-01-18,HHS Region 4,ili perc,1,2020-01-25,quantile,0.25,3.0936264544366523
2020-01-18,HHS Region 4,ili perc,1,2020-01-25,quantile,0.3,3.313648304735633
2020-01-18,HHS Region 4,ili perc,1,2020-01-25,quantile,0.35,3.482823243561475
2020-01-18,HHS Region 4,ili perc,1,2020-01-25,quantile,0.4,3.6537859480395265
2020-01-18,HHS Region 4,ili perc,1,2020-01-25,quantile,0.45,3.785631459925886
2020-01-18,HHS Region 4,ili perc,1,2020-01-25,quantile,0.5,3.963665502694961
2020-01-18,HHS Region 4,ili perc,1,2020-01-25,quantile,0.55,4.198458919045888
2020-01-18,HHS Region 4,ili perc,1,2020-01-25,quantile,0.6,4.413592963335556
2020-01-18,HHS Region 4,ili perc,1,2020-01-25,quantile,0.65,4.61347765187143
2020-01-18,HHS Region 4,ili perc,1,2020-01-25,quantile,0.7,4.862883999554928
2020-01-18,HHS Region 4,ili perc,1,2020-01-25,quantile,0.75,5.139332071622645
2020-01-18,HHS Region 4,ili perc,1,2020-01-25,quantile,0.8,5.616920367159397
2020-01-18,HHS Region 4,ili perc,1,2020-01-25,quantile,0.85,6.502659321033546
2020-01-18,HHS Region 4,ili perc,1,2020-01-25,quantile,0.9,7.4060918412871795
2020-01-18,HHS Region 4,ili perc,1,2020-01-25,quantile,0.95,10.419116939238128
2020-01-18,HHS Region 4,ili perc,1,2020-01-25,quantile,0.975,16.591478726896042
2020-01-18,HHS Region 4,ili perc,1,2020-01-25,quantile,0.99,25.02176816247524
2020-01-18,HHS Region 4,ili perc,2,2020-02-01,quantile,0.01,0.9785605279180717
2020-01-18,HHS Region 4,ili perc,2,2020-02-01,quantile,0.025,1.5103715373191888
2020-01-18,HHS Region 4,ili perc,2,2020-02-01,quantile,0.05,1.9125123150595071
2020-01-18,HHS Region 4,ili perc,2,2020-02-01,quantile,0.1,2.467291139475523
2020-01-18,HHS Region 4,ili perc,2,2020-02-01,quantile,0.15,2.909955750484962
2020-01-18,HHS Region 4,ili perc,2,2020-02-01,quantile,0.2,3.2358346362219375
2020-01-18,HHS Region 4,ili perc,2,2020-02-01,quantile,0.25,3.5502616061103387
2020-01-18,HHS Region 4,ili perc,2,2020-02-01,quantile,0.3,3.907138720217566
2020-01-18,HHS Region 4,ili perc,2,2020-02-01,quantile,0.35,4.071797624286897
2020-01-18,HHS Region 4,ili perc,2,2020-02-01,quantile,0.4,4.276710973346986
2020-01-18,HHS Region 4,ili perc,2,2020-02-01,quantile,0.45,4.489807951570693
2020-01-18,HHS Region 4,ili perc,2,2020-02-01,quantile,0.5,4.678783294833926
2020-01-18,HHS Region 4,ili perc,2,2020-02-01,quantile,0.55,4.929331760465909
2020-01-18,HHS Region 4,ili perc,2,2020-02-01,quantile,0.6,5.171750553243811
2020-01-18,HHS Region 4,ili perc,2,2020-02-01,quantile,0.65,5.445925697707439
2020-01-18,HHS Region 4,ili perc,2,2020-02-01,quantile,0.7,5.753975605329198
2020-01-18,HHS Region 4,ili perc,2,2020-02-01,quantile,0.75,6.198292690665112
2020-01-18,HHS Region 4,ili perc,2,2020-02-01,quantile,0.8,6.823658368121621
2020-01-18,HHS Region 4,ili perc,2,2020-02-01,quantile,0.85,7.343227098467205
2020-01-18,HHS Region 4,ili perc,2,2020-02-01,quantile,0.9,8.98431054398149
2020-01-18,HHS Region 4,ili perc,2,2020-02-01,quantile,0.95,11.506276619971493
2020-01-18,HHS Region 4,ili perc,2,2020-02-01,quantile,0.975,17.885244914181328
2020-01-18,HHS Region 4,ili perc,2,2020-02-01,quantile,0.99,27.946123983103014
2020-01-18,HHS Region 4,ili perc,3,2020-02-08,quantile,0.01,1.768146574283136
2020-01-18,HHS Region 4,ili perc,3,2020-02-08,quantile,0.025,2.033848797624243
2020-01-18,HHS Region 4,ili perc,3,2020-02-08,quantile,0.05,2.531615282668726
2020-01-18,HHS Region 4,ili perc,3,2020-02-08,quantile,0.1,3.09208230810971
2020-01-18,HHS Region 4,ili perc,3,2020-02-08,quantile,0.15,3.6045837256857753
2020-01-18,HHS Region 4,ili perc,3,2020-02-08,quantile,0.2,4.098066599493734
2020-01-18,HHS Region 4,ili perc,3,2020-02-08,quantile,0.25,4.350264796820596
2020-01-18,HHS Region 4,ili perc,3,2020-02-08,quantile,0.3,4.8213159477909056
2020-01-18,HHS Region 4,ili perc,3,2020-02-08,quantile,0.35,5.040965379467429
2020-01-18,HHS Region 4,ili perc,3,2020-02-08,quantile,0.4,5.284889117919576
2020-01-18,HHS Region 4,ili perc,3,2020-02-08,quantile,0.45,5.556436414971468
2020-01-18,HHS Region 4,ili perc,3,2020-02-08,quantile,0.5,5.782912261970612
2020-01-18,HHS Region 4,ili perc,3,2020-02-08,quantile,0.55,6.143413774475441
2020-01-18,HHS Region 4,ili perc,3,2020-02-08,quantile,0.6,6.456244729860213
2020-01-18,HHS Region 4,ili perc,3,2020-02-08,quantile,0.65,6.722871665782934
2020-01-18,HHS Region 4,ili perc,3,2020-02-08,quantile,0.7,7.077922534299933
2020-01-18,HHS Region 4,ili perc,3,2020-02-08,quantile,0.75,7.662499557938471
2020-01-18,HHS Region 4,ili perc,3,2020-02-08,quantile,0.8,8.343950588841025
2020-01-18,HHS Region 4,ili perc,3,2020-02-08,quantile,0.85,9.24885094212386
2020-01-18,HHS Region 4,ili perc,3,2020-02-08,quantile,0.9,11.471695014420154
2020-01-18,HHS Region 4,ili perc,3,2020-02-08,quantile,0.95,15.683643908292062
2020-01-18,HHS Region 4,ili perc,3,2020-02-08,quantile,0.975,25.914951953397583
2020-01-18,HHS Region 4,ili perc,3,2020-02-08,quantile,0.99,41.50615002693981
2020-01-18,HHS Region 4,ili perc,4,2020-02-15,quantile,0.01,1.1418133771944405
2020-01-18,HHS Region 4,ili perc,4,2020-02-15,quantile,0.025,1.7885697018218325
2020-01-18,HHS Region 4,ili perc,4,2020-02-15,quantile,0.05,2.4074960158028165
2020-01-18,HHS Region 4,ili perc,4,2020-02-15,quantile,0.1,3.0683235460954443
2020-01-18,HHS Region 4,ili perc,4,2020-02-15,quantile,0.15,3.561114461992757
2020-01-18,HHS Region 4,ili perc,4,2020-02-15,quantile,0.2,3.983188717781482
2020-01-18,HHS Region 4,ili perc,4,2020-02-15,quantile,0.25,4.437632385491444
2020-01-18,HHS Region 4,ili perc,4,2020-02-15,quantile,0.3,4.718023222378257
2020-01-18,HHS Region 4,ili perc,4,2020-02-15,quantile,0.35,5.003552171264497
2020-01-18,HHS Region 4,ili perc,4,2020-02-15,quantile,0.4,5.277657651187753
2020-01-18,HHS Region 4,ili perc,4,2020-02-15,quantile,0.45,5.4999093151862395
2020-01-18,HHS Region 4,ili perc,4,2020-02-15,quantile,0.5,5.770892888721898
2020-01-18,HHS Region 4,ili perc,4,2020-02-15,quantile,0.55,6.06783187266555
2020-01-18,HHS Region 4,ili perc,4,2020-02-15,quantile,0.6,6.3577455291143234
2020-01-18,HHS Region 4,ili perc,4,2020-02-15,quantile,0.65,6.651015713877808
2020-01-18,HHS Region 4,ili perc,4,2020-02-15,quantile,0.7,7.1521283730710286
2020-01-18,HHS Region 4,ili perc,4,2020-02-15,quantile,0.75,7.807407038005906
2020-01-18,HHS Region 4,ili perc,4,2020-02-15,quantile,0.8,8.317032308939169
2020-01-18,HHS Region 4,ili perc,4,2020-02-15,quantile,0.85,9.50745965947851
2020-01-18,HHS Region 4,ili perc,4,2020-02-15,quantile,0.9,11.642619825932556
2020-01-18,HHS Region 4,ili perc,4,2020-02-15,quantile,0.95,14.98518857814798
2020-01-18,HHS Region 4,ili perc,4,2020-02-15,quantile,0.975,24.057651848955985
2020-01-18,HHS Region 4,ili perc,4,2020-02-15,quantile,0.99,36.373463879185955
2020-01-18,HHS Region 5,ili perc,1,2020-01-25,quantile,0.01,0.5790592856964014
2020-01-18,HHS Region 5,ili perc,1,2020-01-25,quantile,0.025,0.8016451689167613
2020-01-18,HHS Region 5,ili perc,1,2020-01-25,quantile,0.05,1.0703546280072966
2020-01-18,HHS Region 5,ili perc,1,2020-01-25,quantile,0.1,1.4314536867383805
2020-01-18,HHS Region 5,ili perc,1,2020-01-25,quantile,0.15,1.7343636394751272
2020-01-18,HHS Region 5,ili perc,1,2020-01-25,quantile,0.2,1.8159212959118112
2020-01-18,HHS Region 5,ili perc,1,2020-01-25,quantile,0.25,1.9496872246577621
2020-01-18,HHS Region 5,ili perc,1,2020-01-25,quantile,0.3,2.0605646782731237
2020-01-18,HHS Region 5,ili perc,1,2020-01-25,quantile,0.35,2.1337776223772655
2020-01-18,HHS Region 5,ili perc,1,2020-01-25,quantile,0.4,2.220882039288958
2020-01-18,HHS Region 5,ili perc,1,2020-01-25,quantile,0.45,2.299204990035942
2020-01-18,HHS Region 5,ili perc,1,2020-01-25,quantile,0.5,2.3833621522708452
2020-01-18,HHS Region 5,ili perc,1,2020-01-25,quantile,0.55,2.448864285177871
2020-01-18,HHS Region 5,ili perc,1,2020-01-25,quantile,0.6,2.520369125726925
2020-01-18,HHS Region 5,ili perc,1,2020-01-25,quantile,0.65,2.6315331986217565
2020-01-18,HHS Region 5,ili perc,1,2020-01-25,quantile,0.7,2.714499283802965
2020-01-18,HHS Region 5,ili perc,1,2020-01-25,quantile,0.75,2.8161917603251565
2020-01-18,HHS Region 5,ili perc,1,2020-01-25,quantile,0.8,3.0160682462863457
2020-01-18,HHS Region 5,ili perc,1,2020-01-25,quantile,0.85,3.248498580214539
2020-01-18,HHS Region 5,ili perc,1,2020-01-25,quantile,0.9,3.863685854724851
2020-01-18,HHS Region 5,ili perc,1,2020-01-25,quantile,0.95,5.260483100876573
2020-01-18,HHS Region 5,ili perc,1,2020-01-25,quantile,0.975,8.216082548678102
2020-01-18,HHS Region 5,ili perc,1,2020-01-25,quantile,0.99,10.792711279959697
2020-01-18,HHS Region 5,ili perc,2,2020-02-01,quantile,0.01,0.635346726505802
2020-01-18,HHS Region 5,ili perc,2,2020-02-01,quantile,0.025,0.9080771684512885
2020-01-18,HHS Region 5,ili perc,2,2020-02-01,quantile,0.05,1.0590287202953221
2020-01-18,HHS Region 5,ili perc,2,2020-02-01,quantile,0.1,1.478332536259384
2020-01-18,HHS Region 5,ili perc,2,2020-02-01,quantile,0.15,1.777688259477873
2020-01-18,HHS Region 5,ili perc,2,2020-02-01,quantile,0.2,1.8939257385307857
2020-01-18,HHS Region 5,ili perc,2,2020-02-01,quantile,0.25,2.0669928463720018
2020-01-18,HHS Region 5,ili perc,2,2020-02-01,quantile,0.3,2.1801920558286363
2020-01-18,HHS Region 5,ili perc,2,2020-02-01,quantile,0.35,2.240331293089519
2020-01-18,HHS Region 5,ili perc,2,2020-02-01,quantile,0.4,2.3286592569894893
2020-01-18,HHS Region 5,ili perc,2,2020-02-01,quantile,0.45,2.387518497190737
2020-01-18,HHS Region 5,ili perc,2,2020-02-01,quantile,0.5,2.4865952845608215
2020-01-18,HHS Region 5,ili perc,2,2020-02-01,quantile,0.55,2.532253306714444
2020-01-18,HHS Region 5,ili perc,2,2020-02-01,quantile,0.6,2.6213380479538864
2020-01-18,HHS Region 5,ili perc,2,2020-02-01,quantile,0.65,2.6884191799011794
2020-01-18,HHS Region 5,ili perc,2,2020-02-01,quantile,0.7,2.8037980843925476
2020-01-18,HHS Region 5,ili perc,2,2020-02-01,quantile,0.75,2.8874566572176077
2020-01-18,HHS Region 5,ili perc,2,2020-02-01,quantile,0.8,3.123616483955151
2020-01-18,HHS Region 5,ili perc,2,2020-02-01,quantile,0.85,3.3896333509097194
2020-01-18,HHS Region 5,ili perc,2,2020-02-01,quantile,0.9,4.0801918256305445
2020-01-18,HHS Region 5,ili perc,2,2020-02-01,quantile,0.95,5.510433792103801
2020-01-18,HHS Region 5,ili perc,2,2020-02-01,quantile,0.975,7.589940191084895
2020-01-18,HHS Region 5,ili perc,2,2020-02-01,quantile,0.99,11.258503312325985
2020-01-18,HHS Region 5,ili perc,3,2020-02-08,quantile,0.01,0.37199520463875857
2020-01-18,HHS Region 5,ili perc,3,2020-02-08,quantile,0.025,0.7446026144211708
2020-01-18,HHS Region 5,ili perc,3,2020-02-08,quantile,0.05,0.9555153251942817
2020-01-18,HHS Region 5,ili perc,3,2020-02-08,quantile,0.1,1.353511546200356
2020-01-18,HHS Region 5,ili perc,3,2020-02-08,quantile,0.15,1.628597573715859
2020-01-18,HHS Region 5,ili perc,3,2020-02-08,quantile,0.2,1.7379986330622326
2020-01-18,HHS Region 5,ili perc,3,2020-02-08,quantile,0.25,1.9043066314785984
2020-01-18,HHS Region 5,ili perc,3,2020-02-08,quantile,0.3,2.0159617785109716
2020-01-18,HHS Region 5,ili perc,3,2020-02-08,quantile,0.35,2.1058360991035907
2020-01-18,HHS Region 5,ili perc,3,2020-02-08,quantile,0.4,2.1805606430192577
2020-01-18,HHS Region 5,ili perc,3,2020-02-08,quantile,0.45,2.2368439134042006
2020-01-18,HHS Region 5,ili perc,3,2020-02-08,quantile,0.5,2.3202645054394013
2020-01-18,HHS Region 5,ili perc,3,2020-02-08,quantile,0.55,2.3789114890126997
2020-01-18,HHS Region 5,ili perc,3,2020-02-08,quantile,0.6,2.448103654486206
2020-01-18,HHS Region 5,ili perc,3,2020-02-08,quantile,0.65,2.5685613596303014
2020-01-18,HHS Region 5,ili perc,3,2020-02-08,quantile,0.7,2.6433032271995054
2020-01-18,HHS Region 5,ili perc,3,2020-02-08,quantile,0.75,2.775650140528031
2020-01-18,HHS Region 5,ili perc,3,2020-02-08,quantile,0.8,2.945141957072962
2020-01-18,HHS Region 5,ili perc,3,2020-02-08,quantile,0.85,3.279391443806134
2020-01-18,HHS Region 5,ili perc,3,2020-02-08,quantile,0.9,4.179889888254503
2020-01-18,HHS Region 5,ili perc,3,2020-02-08,quantile,0.95,5.912721346710177
2020-01-18,HHS Region 5,ili perc,3,2020-02-08,quantile,0.975,8.12071552598567
2020-01-18,HHS Region 5,ili perc,3,2020-02-08,quantile,0.99,10.429909725477216
2020-01-18,HHS Region 5,ili perc,4,2020-02-15,quantile,0.01,0.6869441500631162
2020-01-18,HHS Region 5,ili perc,4,2020-02-15,quantile,0.025,0.9074235895423759
2020-01-18,HHS Region 5,ili perc,4,2020-02-15,quantile,0.05,1.1197156906878
2020-01-18,HHS Region 5,ili perc,4,2020-02-15,quantile,0.1,1.4713266565266168
2020-01-18,HHS Region 5,ili perc,4,2020-02-15,quantile,0.15,1.8091221364312933
2020-01-18,HHS Region 5,ili perc,4,2020-02-15,quantile,0.2,1.9241547222356874
2020-01-18,HHS Region 5,ili perc,4,2020-02-15,quantile,0.25,2.041863468877941
2020-01-18,HHS Region 5,ili perc,4,2020-02-15,quantile,0.3,2.1559162747540928
2020-01-18,HHS Region 5,ili perc,4,2020-02-15,quantile,0.35,2.26213199350929
2020-01-18,HHS Region 5,ili perc,4,2020-02-15,quantile,0.4,2.3316605434975597
2020-01-18,HHS Region 5,ili perc,4,2020-02-15,quantile,0.45,2.4320235762895317
2020-01-18,HHS Region 5,ili perc,4,2020-02-15,quantile,0.5,2.5130032255527555
2020-01-18,HHS Region 5,ili perc,4,2020-02-15,quantile,0.55,2.579034930983111
2020-01-18,HHS Region 5,ili perc,4,2020-02-15,quantile,0.6,2.676886259102548
2020-01-18,HHS Region 5,ili perc,4,2020-02-15,quantile,0.65,2.781140215491293
2020-01-18,HHS Region 5,ili perc,4,2020-02-15,quantile,0.7,2.8312301459189317
2020-01-18,HHS Region 5,ili perc,4,2020-02-15,quantile,0.75,2.964159219196666
2020-01-18,HHS Region 5,ili perc,4,2020-02-15,quantile,0.8,3.1536263588228937
2020-01-18,HHS Region 5,ili perc,4,2020-02-15,quantile,0.85,3.536189104060214
2020-01-18,HHS Region 5,ili perc,4,2020-02-15,quantile,0.9,4.088013386910523
2020-01-18,HHS Region 5,ili perc,4,2020-02-15,quantile,0.95,5.383690764009002
2020-01-18,HHS Region 5,ili perc,4,2020-02-15,quantile,0.975,7.556183143869409
2020-01-18,HHS Region 5,ili perc,4,2020-02-15,quantile,0.99,9.68937051598903
2020-01-18,HHS Region 6,ili perc,1,2020-01-25,quantile,0.01,1.2261891145911459
2020-01-18,HHS Region 6,ili perc,1,2020-01-25,quantile,0.025,1.676593832611081
2020-01-18,HHS Region 6,ili perc,1,2020-01-25,quantile,0.05,2.5333827453386863
2020-01-18,HHS Region 6,ili perc,1,2020-01-25,quantile,0.1,3.4491286425784358
2020-01-18,HHS Region 6,ili perc,1,2020-01-25,quantile,0.15,4.2004265391080216
2020-01-18,HHS Region 6,ili perc,1,2020-01-25,quantile,0.2,4.687271231867116
2020-01-18,HHS Region 6,ili perc,1,2020-01-25,quantile,0.25,5.09171168976707
2020-01-18,HHS Region 6,ili perc,1,2020-01-25,quantile,0.3,5.341533991728953
2020-01-18,HHS Region 6,ili perc,1,2020-01-25,quantile,0.35,5.7049629844871665
2020-01-18,HHS Region 6,ili perc,1,2020-01-25,quantile,0.4,5.987310091460333
2020-01-18,HHS Region 6,ili perc,1,2020-01-25,quantile,0.45,6.112130316251211
2020-01-18,HHS Region 6,ili perc,1,2020-01-25,quantile,0.5,6.378945393763973
2020-01-18,HHS Region 6,ili perc,1,2020-01-25,quantile,0.55,6.609103325815225
2020-01-18,HHS Region 6,ili perc,1,2020-01-25,quantile,0.6,6.840811892322514
2020-01-18,HHS Region 6,ili perc,1,2020-01-25,quantile,0.65,7.140571134770064
2020-01-18,HHS Region 6,ili perc,1,2020-01-25,quantile,0.7,7.4934698257876615
2020-01-18,HHS Region 6,ili perc,1,2020-01-25,quantile,0.75,7.879128962845835
2020-01-18,HHS Region 6,ili perc,1,2020-01-25,quantile,0.8,8.287160790730924
2020-01-18,HHS Region 6,ili perc,1,2020-01-25,quantile,0.85,8.738518830422521
2020-01-18,HHS Region 6,ili perc,1,2020-01-25,quantile,0.9,9.728048594351451
2020-01-18,HHS Region 6,ili perc,1,2020-01-25,quantile,0.95,12.31428402211998
2020-01-18,HHS Region 6,ili perc,1,2020-01-25,quantile,0.975,15.951722873246162
2020-01-18,HHS Region 6,ili perc,1,2020-01-25,quantile,0.99,20.772165171029265
2020-01-18,HHS Region 6,ili perc,2,2020-02-01,quantile,0.01,1.250082392788368
2020-01-18,HHS Region 6,ili perc,2,2020-02-01,quantile,0.025,2.7033020473754745
2020-01-18,HHS Region 6,ili perc,2,2020-02-01,quantile,0.05,3.7669785445221327
2020-01-18,HHS Region 6,ili perc,2,2020-02-01,quantile,0.1,4.814081852623941
2020-01-18,HHS Region 6,ili perc,2,2020-02-01,quantile,0.15,5.343687682671975
2020-01-18,HHS Region 6,ili perc,2,2020-02-01,quantile,0.2,5.943381078063864
2020-01-18,HHS Region 6,ili perc,2,2020-02-01,quantile,0.25,6.530620577735464
2020-01-18,HHS Region 6,ili perc,2,2020-02-01,quantile,0.3,6.912010359797093
2020-01-18,HHS Region 6,ili perc,2,2020-02-01,quantile,0.35,7.232003666439384
2020-01-18,HHS Region 6,ili perc,2,2020-02-01,quantile,0.4,7.488944277351951
2020-01-18,HHS Region 6,ili perc,2,2020-02-01,quantile,0.45,7.768749701014435
2020-01-18,HHS Region 6,ili perc,2,2020-02-01,quantile,0.5,8.046449073894529
2020-01-18,HHS Region 6,ili perc,2,2020-02-01,quantile,0.55,8.46933645610128
2020-01-18,HHS Region 6,ili perc,2,2020-02-01,quantile,0.6,8.775884697746589
2020-01-18,HHS Region 6,ili perc,2,2020-02-01,quantile,0.65,9.303247330050173
2020-01-18,HHS Region 6,ili perc,2,2020-02-01,quantile,0.7,9.883319724383231
2020-01-18,HHS Region 6,ili perc,2,2020-02-01,quantile,0.75,10.420468041861488
2020-01-18,HHS Region 6,ili perc,2,2020-02-01,quantile,0.8,10.999542857736202
2020-01-18,HHS Region 6,ili perc,2,2020-02-01,quantile,0.85,12.141652666705774
2020-01-18,HHS Region 6,ili perc,2,2020-02-01,quantile,0.9,14.886690601598081
2020-01-18,HHS Region 6,ili perc,2,2020-02-01,quantile,0.95,19.63652517246676
2020-01-18,HHS Region 6,ili perc,2,2020-02-01,quantile,0.975,24.772811795586346
2020-01-18,HHS Region 6,ili perc,2,2020-02-01,quantile,0.99,27.231892864321292
2020-01-18,HHS Region 6,ili perc,3,2020-02-08,quantile,0.01,2.610904281755678
2020-01-18,HHS Region 6,ili perc,3,2020-02-08,quantile,0.025,3.796468393670452
2020-01-18,HHS Region 6,ili perc,3,2020-02-08,quantile,0.05,4.9534836055545375
2020-01-18,HHS Region 6,ili perc,3,2020-02-08,quantile,0.1,6.0920304074290135
2020-01-18,HHS Region 6,ili perc,3,2020-02-08,quantile,0.15,6.8117057540717125
2020-01-18,HHS Region 6,ili perc,3,2020-02-08,quantile,0.2,7.53553805704634
2020-01-18,HHS Region 6,ili perc,3,2020-02-08,quantile,0.25,7.982273966439638
2020-01-18,HHS Region 6,ili perc,3,2020-02-08,quantile,0.3,8.39497011309411
2020-01-18,HHS Region 6,ili perc,3,2020-02-08,quantile,0.35,8.879794449447646
2020-01-18,HHS Region 6,ili perc,3,2020-02-08,quantile,0.4,9.159426846757592
2020-01-18,HHS Region 6,ili perc,3,2020-02-08,quantile,0.45,9.379121425928966
2020-01-18,HHS Region 6,ili perc,3,2020-02-08,quantile,0.5,9.783017194767872
2020-01-18,HHS Region 6,ili perc,3,2020-02-08,quantile,0.55,10.172835609655532
2020-01-18,HHS Region 6,ili perc,3,2020-02-08,quantile,0.6,10.563505984616205
2020-01-18,HHS Region 6,ili perc,3,2020-02-08,quantile,0.65,11.262112162174107
2020-01-18,HHS Region 6,ili perc,3,2020-02-08,quantile,0.7,11.83926501761909
2020-01-18,HHS Region 6,ili perc,3,2020-02-08,quantile,0.75,12.58185575957955
2020-01-18,HHS Region 6,ili perc,3,2020-02-08,quantile,0.8,13.254747926100888
2020-01-18,HHS Region 6,ili perc,3,2020-02-08,quantile,0.85,14.605141090352342
2020-01-18,HHS Region 6,ili perc,3,2020-02-08,quantile,0.9,17.641085163313658
2020-01-18,HHS Region 6,ili perc,3,2020-02-08,quantile,0.95,23.253522219808104
2020-01-18,HHS Region 6,ili perc,3,2020-02-08,quantile,0.975,30.205841826756252
2020-01-18,HHS Region 6,ili perc,3,2020-02-08,quantile,0.99,34.8549934557471
2020-01-18,HHS Region 6,ili perc,4,2020-02-15,quantile,0.01,1.6360342278075903
2020-01-18,HHS Region 6,ili perc,4,2020-02-15,quantile,0.025,3.3617988128602048
2020-01-18,HHS Region 6,ili perc,4,2020-02-15,quantile,0.05,4.43006421977318
2020-01-18,HHS Region 6,ili perc,4,2020-02-15,quantile,0.1,5.9828079391300975
2020-01-18,HHS Region 6,ili perc,4,2020-02-15,quantile,0.15,6.653175874887888
2020-01-18,HHS Region 6,ili perc,4,2020-02-15,quantile,0.2,7.424244903606221
2020-01-18,HHS Region 6,ili perc,4,2020-02-15,quantile,0.25,8.100908448572415
2020-01-18,HHS Region 6,ili perc,4,2020-02-15,quantile,0.3,8.575215106136126
2020-01-18,HHS Region 6,ili perc,4,2020-02-15,quantile,0.35,8.944704690703434
2020-01-18,HHS Region 6,ili perc,4,2020-02-15,quantile,0.4,9.227423662901069
2020-01-18,HHS Region 6,ili perc,4,2020-02-15,quantile,0.45,9.612982151723456
2020-01-18,HHS Region 6,ili perc,4,2020-02-15,quantile,0.5,9.93334968429066
2020-01-18,HHS Region 6,ili perc,4,2020-02-15,quantile,0.55,10.390793956775834
2020-01-18,HHS Region 6,ili perc,4,2020-02-15,quantile,0.6,10.690174181996179
2020-01-18,HHS Region 6,ili perc,4,2020-02-15,quantile,0.65,11.096961655079317
2020-01-18,HHS Region 6,ili perc,4,2020-02-15,quantile,0.7,11.701024674023348
2020-01-18,HHS Region 6,ili perc,4,2020-02-15,quantile,0.75,12.325448397858562
2020-01-18,HHS Region 6,ili perc,4,2020-02-15,quantile,0.8,13.056797266616664
2020-01-18,HHS Region 6,ili perc,4,2020-02-15,quantile,0.85,14.364331815783473
2020-01-18,HHS Region 6,ili perc,4,2020-02-15,quantile,0.9,17.56153182333862
2020-01-18,HHS Region 6,ili perc,4,2020-02-15,quantile,0.95,23.715517602873433
2020-01-18,HHS Region 6,ili perc,4,2020-02-15,quantile,0.975,30.957068577740333
2020-01-18,HHS Region 6,ili perc,4,2020-02-15,quantile,0.99,36.41144338796706
2020-01-18,HHS Region 7,ili perc,1,2020-01-25,quantile,0.01,0.13841089477599866
2020-01-18,HHS Region 7,ili perc,1,2020-01-25,quantile,0.025,0.49552320776686704
2020-01-18,HHS Region 7,ili perc,1,2020-01-25,quantile,0.05,0.9802461102361156
2020-01-18,HHS Region 7,ili perc,1,2020-01-25,quantile,0.1,1.4842380581555439
2020-01-18,HHS Region 7,ili perc,1,2020-01-25,quantile,0.15,1.7943012284255337
2020-01-18,HHS Region 7,ili perc,1,2020-01-25,quantile,0.2,2.061873171024959
2020-01-18,HHS Region 7,ili perc,1,2020-01-25,quantile,0.25,2.3784751696878685
2020-01-18,HHS Region 7,ili perc,1,2020-01-25,quantile,0.3,2.553839769862307
2020-01-18,HHS Region 7,ili perc,1,2020-01-25,quantile,0.35,2.7570787706657294
2020-01-18,HHS Region 7,ili perc,1,2020-01-25,quantile,0.4,2.9761014510743506
2020-01-18,HHS Region 7,ili perc,1,2020-01-25,quantile,0.45,3.1482648440195162
2020-01-18,HHS Region 7,ili perc,1,2020-01-25,quantile,0.5,3.302122534483741
2020-01-18,HHS Region 7,ili perc,1,2020-01-25,quantile,0.55,3.460760858272682
2020-01-18,HHS Region 7,ili perc,1,2020-01-25,quantile,0.6,3.636102109079148
2020-01-18,HHS Region 7,ili perc,1,2020-01-25,quantile,0.65,3.799586740280296
2020-01-18,HHS Region 7,ili perc,1,2020-01-25,quantile,0.7,4.0042292288509715
2020-01-18,HHS Region 7,ili perc,1,2020-01-25,quantile,0.75,4.368303026744763
2020-01-18,HHS Region 7,ili perc,1,2020-01-25,quantile,0.8,4.610914278553953
2020-01-18,HHS Region 7,ili perc,1,2020-01-25,quantile,0.85,4.978302238471562
2020-01-18,HHS Region 7,ili perc,1,2020-01-25,quantile,0.9,5.720197428811637
2020-01-18,HHS Region 7,ili perc,1,2020-01-25,quantile,0.95,7.967792522783135
2020-01-18,HHS Region 7,ili perc,1,2020-01-25,quantile,0.975,10.184954963782983
2020-01-18,HHS Region 7,ili perc,1,2020-01-25,quantile,0.99,13.237523207962427
2020-01-18,HHS Region 7,ili perc,2,2020-02-01,quantile,0.01,0.23348027473358163
2020-01-18,HHS Region 7,ili perc,2,2020-02-01,quantile,0.025,0.6428769965116764
2020-01-18,HHS Region 7,ili perc,2,2020-02-01,quantile,0.05,1.147017882323488
2020-01-18,HHS Region 7,ili perc,2,2020-02-01,quantile,0.1,1.9158992250803306
2020-01-18,HHS Region 7,ili perc,2,2020-02-01,quantile,0.15,2.4135239344659807
2020-01-18,HHS Region 7,ili perc,2,2020-02-01,quantile,0.2,2.7372735563099972
2020-01-18,HHS Region 7,ili perc,2,2020-02-01,quantile,0.25,2.991767364169541
2020-01-18,HHS Region 7,ili perc,2,2020-02-01,quantile,0.3,3.133233934922954
2020-01-18,HHS Region 7,ili perc,2,2020-02-01,quantile,0.35,3.4178911639790246
2020-01-18,HHS Region 7,ili perc,2,2020-02-01,quantile,0.4,3.659712453189856
2020-01-18,HHS Region 7,ili perc,2,2020-02-01,quantile,0.45,3.8999896638695186
2020-01-18,HHS Region 7,ili perc,2,2020-02-01,quantile,0.5,4.085341445814963
2020-01-18,HHS Region 7,ili perc,2,2020-02-01,quantile,0.55,4.317412462575593
2020-01-18,HHS Region 7,ili perc,2,2020-02-01,quantile,0.6,4.509169941126326
2020-01-18,HHS Region 7,ili perc,2,2020-02-01,quantile,0.65,4.634286340130045
2020-01-18,HHS Region 7,ili perc,2,2020-02-01,quantile,0.7,4.8714288705698765
2020-01-18,HHS Region 7,ili perc,2,2020-02-01,quantile,0.75,5.2908891730596865
2020-01-18,HHS Region 7,ili perc,2,2020-02-01,quantile,0.8,5.598841184161776
2020-01-18,HHS Region 7,ili perc,2,2020-02-01,quantile,0.85,6.177384104179831
2020-01-18,HHS Region 7,ili perc,2,2020-02-01,quantile,0.9,7.0983219094401715
2020-01-18,HHS Region 7,ili perc,2,2020-02-01,quantile,0.95,8.967414934456345
2020-01-18,HHS Region 7,ili perc,2,2020-02-01,quantile,0.975,12.370176095552452
2020-01-18,HHS Region 7,ili perc,2,2020-02-01,quantile,0.99,18.185978814851914
2020-01-18,HHS Region 7,ili perc,3,2020-02-08,quantile,0.01,0.21286938948783712
2020-01-18,HHS Region 7,ili perc,3,2020-02-08,quantile,0.025,0.4481642043705254
2020-01-18,HHS Region 7,ili perc,3,2020-02-08,quantile,0.05,0.9500551793630827
2020-01-18,HHS Region 7,ili perc,3,2020-02-08,quantile,0.1,1.9252241264350585
2020-01-18,HHS Region 7,ili perc,3,2020-02-08,quantile,0.15,2.3185105079760038
2020-01-18,HHS Region 7,ili perc,3,2020-02-08,quantile,0.2,2.668362430302414
2020-01-18,HHS Region 7,ili perc,3,2020-02-08,quantile,0.25,2.9518589470829255
2020-01-18,HHS Region 7,ili perc,3,2020-02-08,quantile,0.3,3.1338014124000266
2020-01-18,HHS Region 7,ili perc,3,2020-02-08,quantile,0.35,3.400683454759792
2020-01-18,HHS Region 7,ili perc,3,2020-02-08,quantile,0.4,3.6429531582580505
2020-01-18,HHS Region 7,ili perc,3,2020-02-08,quantile,0.45,3.8437056130301857
2020-01-18,HHS Region 7,ili perc,3,2020-02-08,quantile,0.5,4.069282973895174
2020-01-18,HHS Region 7,ili perc,3,2020-02-08,quantile,0.55,4.274523681238561
2020-01-18,HHS Region 7,ili perc,3,2020-02-08,quantile,0.6,4.48952836683233
2020-01-18,HHS Region 7,ili perc,3,2020-02-08,quantile,0.65,4.634540636330842
2020-01-18,HHS Region 7,ili perc,3,2020-02-08,quantile,0.7,4.855552706867504
2020-01-18,HHS Region 7,ili perc,3,2020-02-08,quantile,0.75,5.236358929353247
2020-01-18,HHS Region 7,ili perc,3,2020-02-08,quantile,0.8,5.549874628532868
2020-01-18,HHS Region 7,ili perc,3,2020-02-08,quantile,0.85,6.003009868245514
2020-01-18,HHS Region 7,ili perc,3,2020-02-08,quantile,0.9,6.702466500821803
2020-01-18,HHS Region 7,ili perc,3,2020-02-08,quantile,0.95,8.270068126400346
2020-01-18,HHS Region 7,ili perc,3,2020-02-08,quantile,0.975,10.473436947765558
2020-01-18,HHS Region 7,ili perc,3,2020-02-08,quantile,0.99,14.8426128129151
2020-01-18,HHS Region 7,ili perc,4,2020-02-15,quantile,0.01,0.2639831806038196
2020-01-18,HHS Region 7,ili perc,4,2020-02-15,quantile,0.025,0.8040009636938232
2020-01-18,HHS Region 7,ili perc,4,2020-02-15,quantile,0.05,1.412725851369363
2020-01-18,HHS Region 7,ili perc,4,2020-02-15,quantile,0.1,2.3036715482652763
2020-01-18,HHS Region 7,ili perc,4,2020-02-15,quantile,0.15,2.743262645430788
2020-01-18,HHS Region 7,ili perc,4,2020-02-15,quantile,0.2,3.1389358307942627
2020-01-18,HHS Region 7,ili perc,4,2020-02-15,quantile,0.25,3.419819756071879
2020-01-18,HHS Region 7,ili perc,4,2020-02-15,quantile,0.3,3.698126222908038
2020-01-18,HHS Region 7,ili perc,4,2020-02-15,quantile,0.35,3.9332357904191793
2020-01-18,HHS Region 7,ili perc,4,2020-02-15,quantile,0.4,4.159327717596328
2020-01-18,HHS Region 7,ili perc,4,2020-02-15,quantile,0.45,4.37930493494951
2020-01-18,HHS Region 7,ili perc,4,2020-02-15,quantile,0.5,4.5485989935903754
2020-01-18,HHS Region 7,ili perc,4,2020-02-15,quantile,0.55,4.733925269114718
2020-01-18,HHS Region 7,ili perc,4,2020-02-15,quantile,0.6,4.914491974554897
2020-01-18,HHS Region 7,ili perc,4,2020-02-15,quantile,0.65,5.056565686826567
2020-01-18,HHS Region 7,ili perc,4,2020-02-15,quantile,0.7,5.26385015099523
2020-01-18,HHS Region 7,ili perc,4,2020-02-15,quantile,0.75,5.755130224422681
2020-01-18,HHS Region 7,ili perc,4,2020-02-15,quantile,0.8,6.147581050584309
2020-01-18,HHS Region 7,ili perc,4,2020-02-15,quantile,0.85,6.815580854984055
2020-01-18,HHS Region 7,ili perc,4,2020-02-15,quantile,0.9,8.02045488416115
2020-01-18,HHS Region 7,ili perc,4,2020-02-15,quantile,0.95,10.536696602488622
2020-01-18,HHS Region 7,ili perc,4,2020-02-15,quantile,0.975,13.721313118451231
2020-01-18,HHS Region 7,ili perc,4,2020-02-15,quantile,0.99,20.45875691839585
2020-01-18,HHS Region 8,ili perc,1,2020-01-25,quantile,0.01,0.25512402090591424
2020-01-18,HHS Region 8,ili perc,1,2020-01-25,quantile,0.025,0.5704032602681361
2020-01-18,HHS Region 8,ili perc,1,2020-01-25,quantile,0.05,1.212305520366626
2020-01-18,HHS Region 8,ili perc,1,2020-01-25,quantile,0.1,1.9318926817975528
2020-01-18,HHS Region 8,ili perc,1,2020-01-25,quantile,0.15,2.4359922452812017
2020-01-18,HHS Region 8,ili perc,1,2020-01-25,quantile,0.2,2.776158953761221
2020-01-18,HHS Region 8,ili perc,1,2020-01-25,quantile,0.25,2.940335043859295
2020-01-18,HHS Region 8,ili perc,1,2020-01-25,quantile,0.3,3.1477873001456516
2020-01-18,HHS Region 8,ili perc,1,2020-01-25,quantile,0.35,3.325200724518682
2020-01-18,HHS Region 8,ili perc,1,2020-01-25,quantile,0.4,3.5039821462072016
2020-01-18,HHS Region 8,ili perc,1,2020-01-25,quantile,0.45,3.694330085534319
2020-01-18,HHS Region 8,ili perc,1,2020-01-25,quantile,0.5,3.88694509610539
2020-01-18,HHS Region 8,ili perc,1,2020-01-25,quantile,0.55,4.089054855800126
2020-01-18,HHS Region 8,ili perc,1,2020-01-25,quantile,0.6,4.245345749936363
2020-01-18,HHS Region 8,ili perc,1,2020-01-25,quantile,0.65,4.4959446536629635
2020-01-18,HHS Region 8,ili perc,1,2020-01-25,quantile,0.7,4.828964986461002
2020-01-18,HHS Region 8,ili perc,1,2020-01-25,quantile,0.75,5.250073319005128
2020-01-18,HHS Region 8,ili perc,1,2020-01-25,quantile,0.8,5.840324173791098
2020-01-18,HHS Region 8,ili perc,1,2020-01-25,quantile,0.85,7.00180684424882
2020-01-18,HHS Region 8,ili perc,1,2020-01-25,quantile,0.9,8.087870570809367
2020-01-18,HHS Region 8,ili perc,1,2020-01-25,quantile,0.95,9.756231332519341
2020-01-18,HHS Region 8,ili perc,1,2020-01-25,quantile,0.975,17.598498497469045
2020-01-18,HHS Region 8,ili perc,1,2020-01-25,quantile,0.99,21.79393835988901
2020-01-18,HHS Region 8,ili perc,2,2020-02-01,quantile,0.01,0.5303565690750388
2020-01-18,HHS Region 8,ili perc,2,2020-02-01,quantile,0.025,1.2099081637470268
2020-01-18,HHS Region 8,ili perc,2,2020-02-01,quantile,0.05,1.6931556151384823
2020-01-18,HHS Region 8,ili perc,2,2020-02-01,quantile,0.1,2.536182408613415
2020-01-18,HHS Region 8,ili perc,2,2020-02-01,quantile,0.15,2.900257376333634
2020-01-18,HHS Region 8,ili perc,2,2020-02-01,quantile,0.2,3.1224811201608964
2020-01-18,HHS Region 8,ili perc,2,2020-02-01,quantile,0.25,3.406229208991067
2020-01-18,HHS Region 8,ili perc,2,2020-02-01,quantile,0.3,3.5978585159874896
2020-01-18,HHS Region 8,ili perc,2,2020-02-01,quantile,0.35,3.785549221016953
2020-01-18,HHS Region 8,ili perc,2,2020-02-01,quantile,0.4,3.9823425028758375
2020-01-18,HHS Region 8,ili perc,2,2020-02-01,quantile,0.45,4.2911572818392685
2020-01-18,HHS Region 8,ili perc,2,2020-02-01,quantile,0.5,4.545791979318606
2020-01-18,HHS Region 8,ili perc,2,2020-02-01,quantile,0.55,4.816447248546673
2020-01-18,HHS Region 8,ili perc,2,2020-02-01,quantile,0.6,5.092343393855331
2020-01-18,HHS Region 8,ili perc,2,2020-02-01,quantile,0.65,5.49156343780952
2020-01-18,HHS Region 8,ili perc,2,2020-02-01,quantile,0.7,5.73966377755763
2020-01-18,HHS Region 8,ili perc,2,2020-02-01,quantile,0.75,6.0528705478219615
2020-01-18,HHS Region 8,ili perc,2,2020-02-01,quantile,0.8,6.699686362486073
2020-01-18,HHS Region 8,ili perc,2,2020-02-01,quantile,0.85,7.928780711448651
2020-01-18,HHS Region 8,ili perc,2,2020-02-01,quantile,0.9,9.274017903046646
2020-01-18,HHS Region 8,ili perc,2,2020-02-01,quantile,0.95,11.068799943066118
2020-01-18,HHS Region 8,ili perc,2,2020-02-01,quantile,0.975,13.01523208349888
2020-01-18,HHS Region 8,ili perc,2,2020-02-01,quantile,0.99,24.585204060022384
2020-01-18,HHS Region 8,ili perc,3,2020-02-08,quantile,0.01,0.8041908715077684
2020-01-18,HHS Region 8,ili perc,3,2020-02-08,quantile,0.025,1.356811518945655
2020-01-18,HHS Region 8,ili perc,3,2020-02-08,quantile,0.05,1.9365935753288346
2020-01-18,HHS Region 8,ili perc,3,2020-02-08,quantile,0.1,2.608031787421738
2020-01-18,HHS Region 8,ili perc,3,2020-02-08,quantile,0.15,3.102539208394667
2020-01-18,HHS Region 8,ili perc,3,2020-02-08,quantile,0.2,3.431818128728001
2020-01-18,HHS Region 8,ili perc,3,2020-02-08,quantile,0.25,3.7020475703275193
2020-01-18,HHS Region 8,ili perc,3,2020-02-08,quantile,0.3,3.9020752602790862
2020-01-18,HHS Region 8,ili perc,3,2020-02-08,quantile,0.35,4.11919408093326
2020-01-18,HHS Region 8,ili perc,3,2020-02-08,quantile,0.4,4.3058771112483045
2020-01-18,HHS Region 8,ili perc,3,2020-02-08,quantile,0.45,4.497455895831173
2020-01-18,HHS Region 8,ili perc,3,2020-02-08,quantile,0.5,4.724442363292457
2020-01-18,HHS Region 8,ili perc,3,2020-02-08,quantile,0.55,4.927527842586043
2020-01-18,HHS Region 8,ili perc,3,2020-02-08,quantile,0.6,5.246817835400861
2020-01-18,HHS Region 8,ili perc,3,2020-02-08,quantile,0.65,5.454711591205704
2020-01-18,HHS Region 8,ili perc,3,2020-02-08,quantile,0.7,5.769357397630442
2020-01-18,HHS Region 8,ili perc,3,2020-02-08,quantile,0.75,6.206651180145541
2020-01-18,HHS Region 8,ili perc,3,2020-02-08,quantile,0.8,6.726646094093272
2020-01-18,HHS Region 8,ili perc,3,2020-02-08,quantile,0.85,7.558554963734541
2020-01-18,HHS Region 8,ili perc,3,2020-02-08,quantile,0.9,9.513994181228972
2020-01-18,HHS Region 8,ili perc,3,2020-02-08,quantile,0.95,11.37738964570369
2020-01-18,HHS Region 8,ili perc,3,2020-02-08,quantile,0.975,12.847048384013755
2020-01-18,HHS Region 8,ili perc,3,2020-02-08,quantile,0.99,24.73608000446478
2020-01-18,HHS Region 8,ili perc,4,2020-02-15,quantile,0.01,0.6756345966983316
2020-01-18,HHS Region 8,ili perc,4,2020-02-15,quantile,0.025,1.4196629693311782
2020-01-18,HHS Region 8,ili perc,4,2020-02-15,quantile,0.05,2.0578683747971818
2020-01-18,HHS Region 8,ili perc,4,2020-02-15,quantile,0.1,2.9865110160201294
2020-01-18,HHS Region 8,ili perc,4,2020-02-15,quantile,0.15,3.554454626899421
2020-01-18,HHS Region 8,ili perc,4,2020-02-15,quantile,0.2,3.9373161972058934
2020-01-18,HHS Region 8,ili perc,4,2020-02-15,quantile,0.25,4.186372804308173
2020-01-18,HHS Region 8,ili perc,4,2020-02-15,quantile,0.3,4.446185735112824
2020-01-18,HHS Region 8,ili perc,4,2020-02-15,quantile,0.35,4.716029002898837
2020-01-18,HHS Region 8,ili perc,4,2020-02-15,quantile,0.4,4.973306756800859
2020-01-18,HHS Region 8,ili perc,4,2020-02-15,quantile,0.45,5.219950568661184
2020-01-18,HHS Region 8,ili perc,4,2020-02-15,quantile,0.5,5.474867977740502
2020-01-18,HHS Region 8,ili perc,4,2020-02-15,quantile,0.55,5.7293776300028565
2020-01-18,HHS Region 8,ili perc,4,2020-02-15,quantile,0.6,6.022660037266977
2020-01-18,HHS Region 8,ili perc,4,2020-02-15,quantile,0.65,6.322041089658391
2020-01-18,HHS Region 8,ili perc,4,2020-02-15,quantile,0.7,6.848999246268013
2020-01-18,HHS Region 8,ili perc,4,2020-02-15,quantile,0.75,7.294349722908207
2020-01-18,HHS Region 8,ili perc,4,2020-02-15,quantile,0.8,7.8410575568754695
2020-01-18,HHS Region 8,ili perc,4,2020-02-15,quantile,0.85,8.930905384865941
2020-01-18,HHS Region 8,ili perc,4,2020-02-15,quantile,0.9,10.493821670410524
2020-01-18,HHS Region 8,ili perc,4,2020-02-15,quantile,0.95,11.865799090049999
2020-01-18,HHS Region 8,ili perc,4,2020-02-15,quantile,0.975,14.437554871263796
2020-01-18,HHS Region 8,ili perc,4,2020-02-15,quantile,0.99,27.184690601016264
2020-01-18,HHS Region 9,ili perc,1,2020-01-25,quantile,0.01,0.7186364829277573
2020-01-18,HHS Region 9,ili perc,1,2020-01-25,quantile,0.025,1.102979328392464
2020-01-18,HHS Region 9,ili perc,1,2020-01-25,quantile,0.05,1.2853412707717924
2020-01-18,HHS Region 9,ili perc,1,2020-01-25,quantile,0.1,1.7209870359417911
2020-01-18,HHS Region 9,ili perc,1,2020-01-25,quantile,0.15,1.9799609936227192
2020-01-18,HHS Region 9,ili perc,1,2020-01-25,quantile,0.2,2.2291233305390774
2020-01-18,HHS Region 9,ili perc,1,2020-01-25,quantile,0.25,2.3865172974714297
2020-01-18,HHS Region 9,ili perc,1,2020-01-25,quantile,0.3,2.4911619075781495
2020-01-18,HHS Region 9,ili perc,1,2020-01-25,quantile,0.35,2.6034393853328015
2020-01-18,HHS Region 9,ili perc,1,2020-01-25,quantile,0.4,2.6831622916012554
2020-01-18,HHS Region 9,ili perc,1,2020-01-25,quantile,0.45,2.7985308341154074
2020-01-18,HHS Region 9,ili perc,1,2020-01-25,quantile,0.5,2.9170919091658583
2020-01-18,HHS Region 9,ili perc,1,2020-01-25,quantile,0.55,3.0173455230076818
2020-01-18,HHS Region 9,ili perc,1,2020-01-25,quantile,0.6,3.116906361697324
2020-01-18,HHS Region 9,ili perc,1,2020-01-25,quantile,0.65,3.228603623562952
2020-01-18,HHS Region 9,ili perc,1,2020-01-25,quantile,0.7,3.3452763613472083
2020-01-18,HHS Region 9,ili perc,1,2020-01-25,quantile,0.75,3.5579896670440583
2020-01-18,HHS Region 9,ili perc,1,2020-01-25,quantile,0.8,3.841853363642831
2020-01-18,HHS Region 9,ili perc,1,2020-01-25,quantile,0.85,4.276960770999557
2020-01-18,HHS Region 9,ili perc,1,2020-01-25,quantile,0.9,5.195900617209012
2020-01-18,HHS Region 9,ili perc,1,2020-01-25,quantile,0.95,7.436577118952652
2020-01-18,HHS Region 9,ili perc,1,2020-01-25,quantile,0.975,9.0088994194738
2020-01-18,HHS Region 9,ili perc,1,2020-01-25,quantile,0.99,11.167193223019927
2020-01-18,HHS Region 9,ili perc,2,2020-02-01,quantile,0.01,0.8582635970983932
2020-01-18,HHS Region 9,ili perc,2,2020-02-01,quantile,0.025,1.237210761539744
2020-01-18,HHS Region 9,ili perc,2,2020-02-01,quantile,0.05,1.4285575551120484
2020-01-18,HHS Region 9,ili perc,2,2020-02-01,quantile,0.1,1.9606837891544455
2020-01-18,HHS Region 9,ili perc,2,2020-02-01,quantile,0.15,2.2606366907032283
2020-01-18,HHS Region 9,ili perc,2,2020-02-01,quantile,0.2,2.4925407750863733
2020-01-18,HHS Region 9,ili perc,2,2020-02-01,quantile,0.25,2.6594109740572005
2020-01-18,HHS Region 9,ili perc,2,2020-02-01,quantile,0.3,2.7682330461041165
2020-01-18,HHS Region 9,ili perc,2,2020-02-01,quantile,0.35,2.886953184424662
2020-01-18,HHS Region 9,ili perc,2,2020-02-01,quantile,0.4,3.0037792909307077
2020-01-18,HHS Region 9,ili perc,2,2020-02-01,quantile,0.45,3.131848864891296
2020-01-18,HHS Region 9,ili perc,2,2020-02-01,quantile,0.5,3.240784069674544
2020-01-18,HHS Region 9,ili perc,2,2020-02-01,quantile,0.55,3.345687451346302
2020-01-18,HHS Region 9,ili perc,2,2020-02-01,quantile,0.6,3.443640817514116
2020-01-18,HHS Region 9,ili perc,2,2020-02-01,quantile,0.65,3.527515867111041
2020-01-18,HHS Region 9,ili perc,2,2020-02-01,quantile,0.7,3.6630867552641275
2020-01-18,HHS Region 9,ili perc,2,2020-02-01,quantile,0.75,3.8477360843683357
2020-01-18,HHS Region 9,ili perc,2,2020-02-01,quantile,0.8,4.105947181735184
2020-01-18,HHS Region 9,ili perc,2,2020-02-01,quantile,0.85,4.604462962328993
2020-01-18,HHS Region 9,ili perc,2,2020-02-01,quantile,0.9,5.599894800373599
2020-01-18,HHS Region 9,ili perc,2,2020-02-01,quantile,0.95,7.2113937248500495
2020-01-18,HHS Region 9,ili perc,2,2020-02-01,quantile,0.975,8.798415746206828
2020-01-18,HHS Region 9,ili perc,2,2020-02-01,quantile,0.99,10.155485613004322
2020-01-18,HHS Region 9,ili perc,3,2020-02-08,quantile,0.01,0.7835335263364342
2020-01-18,HHS Region 9,ili perc,3,2020-02-08,quantile,0.025,1.2757261905008677
2020-01-18,HHS Region 9,ili perc,3,2020-02-08,quantile,0.05,1.470204693353321
2020-01-18,HHS Region 9,ili perc,3,2020-02-08,quantile,0.1,1.82474814736837
2020-01-18,HHS Region 9,ili perc,3,2020-02-08,quantile,0.15,2.1523143112510374
2020-01-18,HHS Region 9,ili perc,3,2020-02-08,quantile,0.2,2.3807783464682446
2020-01-18,HHS Region 9,ili perc,3,2020-02-08,quantile,0.25,2.5812155967438706
2020-01-18,HHS Region 9,ili perc,3,2020-02-08,quantile,0.3,2.7139306726829635
2020-01-18,HHS Region 9,ili perc,3,2020-02-08,quantile,0.35,2.826711556974063
2020-01-18,HHS Region 9,ili perc,3,2020-02-08,quantile,0.4,2.97423098080361
2020-01-18,HHS Region 9,ili perc,3,2020-02-08,quantile,0.45,3.102580284460295
2020-01-18,HHS Region 9,ili perc,3,2020-02-08,quantile,0.5,3.218919056205872
2020-01-18,HHS Region 9,ili perc,3,2020-02-08,quantile,0.55,3.316969539265027
2020-01-18,HHS Region 9,ili perc,3,2020-02-08,quantile,0.6,3.440359620410352
2020-01-18,HHS Region 9,ili perc,3,2020-02-08,quantile,0.65,3.5326932994294475
2020-01-18,HHS Region 9,ili perc,3,2020-02-08,quantile,0.7,3.6706810411909814
2020-01-18,HHS Region 9,ili perc,3,2020-02-08,quantile,0.75,3.8806853154895027
2020-01-18,HHS Region 9,ili perc,3,2020-02-08,quantile,0.8,4.120193720362334
2020-01-18,HHS Region 9,ili perc,3,2020-02-08,quantile,0.85,4.478539907670076
2020-01-18,HHS Region 9,ili perc,3,2020-02-08,quantile,0.9,5.533117302188535
2020-01-18,HHS Region 9,ili perc,3,2020-02-08,quantile,0.95,8.028151874058931
2020-01-18,HHS Region 9,ili perc,3,2020-02-08,quantile,0.975,8.973318102957556
2020-01-18,HHS Region 9,ili perc,3,2020-02-08,quantile,0.99,10.449246333513164
2020-01-18,HHS Region 9,ili perc,4,2020-02-15,quantile,0.01,0.9587673185226505
2020-01-18,HHS Region 9,ili perc,4,2020-02-15,quantile,0.025,1.4321855956305958
2020-01-18,HHS Region 9,ili perc,4,2020-02-15,quantile,0.05,1.638580949163214
2020-01-18,HHS Region 9,ili perc,4,2020-02-15,quantile,0.1,2.0918154176857966
2020-01-18,HHS Region 9,ili perc,4,2020-02-15,quantile,0.15,2.5102381541977636
2020-01-18,HHS Region 9,ili perc,4,2020-02-15,quantile,0.2,2.793438634820431
2020-01-18,HHS Region 9,ili perc,4,2020-02-15,quantile,0.25,2.9674392303558745
2020-01-18,HHS Region 9,ili perc,4,2020-02-15,quantile,0.3,3.110460155256788
2020-01-18,HHS Region 9,ili perc,4,2020-02-15,quantile,0.35,3.2246768267075416
2020-01-18,HHS Region 9,ili perc,4,2020-02-15,quantile,0.4,3.3288108446436553
2020-01-18,HHS Region 9,ili perc,4,2020-02-15,quantile,0.45,3.4784656550753126
2020-01-18,HHS Region 9,ili perc,4,2020-02-15,quantile,0.5,3.5777397544314065
2020-01-18,HHS Region 9,ili perc,4,2020-02-15,quantile,0.55,3.6930462688549706
2020-01-18,HHS Region 9,ili perc,4,2020-02-15,quantile,0.6,3.8294960797702977
2020-01-18,HHS Region 9,ili perc,4,2020-02-15,quantile,0.65,3.9228545460028403
2020-01-18,HHS Region 9,ili perc,4,2020-02-15,quantile,0.7,4.0860047522567635
2020-01-18,HHS Region 9,ili perc,4,2020-02-15,quantile,0.75,4.2981039187379455
2020-01-18,HHS Region 9,ili perc,4,2020-02-15,quantile,0.8,4.54564348579678
2020-01-18,HHS Region 9,ili perc,4,2020-02-15,quantile,0.85,4.857648641293762
2020-01-18,HHS Region 9,ili perc,4,2020-02-15,quantile,0.9,6.152367631629375
2020-01-18,HHS Region 9,ili perc,4,2020-02-15,quantile,0.95,8.563268663151193
2020-01-18,HHS Region 9,ili perc,4,2020-02-15,quantile,0.975,9.861998013558312
2020-01-18,HHS Region 9,ili perc,4,2020-02-15,quantile,0.99,11.833020967230473
2020-01-18,US National,ili perc,1,2020-01-25,quantile,0.01,0.9551547213353861
2020-01-18,US National,ili perc,1,2020-01-25,quantile,0.025,1.5213731334671894
2020-01-18,US National,ili perc,1,2020-01-25,quantile,0.05,1.9761935520467635
2020-01-18,US National,ili perc,1,2020-01-25,quantile,0.1,2.489956990589604
2020-01-18,US National,ili perc,1,2020-01-25,quantile,0.15,2.6941065290985624
2020-01-18,US National,ili perc,1,2020-01-25,quantile,0.2,2.8774878068699827
2020-01-18,US National,ili perc,1,2020-01-25,quantile,0.25,3.0117124539308366
2020-01-18,US National,ili perc,1,2020-01-25,quantile,0.3,3.144492370261459
2020-01-18,US National,ili perc,1,2020-01-25,quantile,0.35,3.2911951618126416
2020-01-18,US National,ili perc,1,2020-01-25,quantile,0.4,3.4077876471996515
2020-01-18,US National,ili perc,1,2020-01-25,quantile,0.45,3.5568888742571394
2020-01-18,US National,ili perc,1,2020-01-25,quantile,0.5,3.6404170370994726
2020-01-18,US National,ili perc,1,2020-01-25,quantile,0.55,3.7731694133834592
2020-01-18,US National,ili perc,1,2020-01-25,quantile,0.6,3.91012946559457
2020-01-18,US National,ili perc,1,2020-01-25,quantile,0.65,4.160662961233456
2020-01-18,US National,ili perc,1,2020-01-25,quantile,0.7,4.394080992102369
2020-01-18,US National,ili perc,1,2020-01-25,quantile,0.75,4.598749110267764
2020-01-18,US National,ili perc,1,2020-01-25,quantile,0.8,4.991029702697794
2020-01-18,US National,ili perc,1,2020-01-25,quantile,0.85,5.658667157219728
2020-01-18,US National,ili perc,1,2020-01-25,quantile,0.9,6.319372640854324
2020-01-18,US National,ili perc,1,2020-01-25,quantile,0.95,11.24365719001352
2020-01-18,US National,ili perc,1,2020-01-25,quantile,0.975,16.64894814810244
2020-01-18,US National,ili perc,1,2020-01-25,quantile,0.99,26.61703587281487
2020-01-18,US National,ili perc,2,2020-02-01,quantile,0.01,1.0310223256590663
2020-01-18,US National,ili perc,2,2020-02-01,quantile,0.025,1.7776952990538233
2020-01-18,US National,ili perc,2,2020-02-01,quantile,0.05,2.059329018283564
2020-01-18,US National,ili perc,2,2020-02-01,quantile,0.1,2.623927184338546
2020-01-18,US National,ili perc,2,2020-02-01,quantile,0.15,2.844627902357114
2020-01-18,US National,ili perc,2,2020-02-01,quantile,0.2,3.122999677344109
2020-01-18,US National,ili perc,2,2020-02-01,quantile,0.25,3.3582597440855144
2020-01-18,US National,ili perc,2,2020-02-01,quantile,0.3,3.541219937372874
2020-01-18,US National,ili perc,2,2020-02-01,quantile,0.35,3.67269988264176
2020-01-18,US National,ili perc,2,2020-02-01,quantile,0.4,3.8131849307611345
2020-01-18,US National,ili perc,2,2020-02-01,quantile,0.45,4.00810215967185
2020-01-18,US National,ili perc,2,2020-02-01,quantile,0.5,4.1516116033669155
2020-01-18,US National,ili perc,2,2020-02-01,quantile,0.55,4.31811274856962
2020-01-18,US National,ili perc,2,2020-02-01,quantile,0.6,4.453966599629412
2020-01-18,US National,ili perc,2,2020-02-01,quantile,0.65,4.681754724442835
2020-01-18,US National,ili perc,2,2020-02-01,quantile,0.7,4.923849184775013
2020-01-18,US National,ili perc,2,2020-02-01,quantile,0.75,5.258812050899621
2020-01-18,US National,ili perc,2,2020-02-01,quantile,0.8,5.628639403796882
2020-01-18,US National,ili perc,2,2020-02-01,quantile,0.85,6.507747792702007
2020-01-18,US National,ili perc,2,2020-02-01,quantile,0.9,7.473484202995249
2020-01-18,US National,ili perc,2,2020-02-01,quantile,0.95,11.747786303998126
2020-01-18,US National,ili perc,2,2020-02-01,quantile,0.975,16.046076862630937
2020-01-18,US National,ili perc,2,2020-02-01,quantile,0.99,45.109302955099416
2020-01-18,US National,ili perc,3,2020-02-08,quantile,0.01,1.0771977376669224
2020-01-18,US National,ili perc,3,2020-02-08,quantile,0.025,1.3902833401586219
2020-01-18,US National,ili perc,3,2020-02-08,quantile,0.05,2.2403617615632663
2020-01-18,US National,ili perc,3,2020-02-08,quantile,0.1,2.845635597571873
2020-01-18,US National,ili perc,3,2020-02-08,quantile,0.15,3.309359987378702
2020-01-18,US National,ili perc,3,2020-02-08,quantile,0.2,3.5029220320545575
2020-01-18,US National,ili perc,3,2020-02-08,quantile,0.25,3.775127264152146
2020-01-18,US National,ili perc,3,2020-02-08,quantile,0.3,3.962701881328381
2020-01-18,US National,ili perc,3,2020-02-08,quantile,0.35,4.138966056986824
2020-01-18,US National,ili perc,3,2020-02-08,quantile,0.4,4.317658387012639
2020-01-18,US National,ili perc,3,2020-02-08,quantile,0.45,4.564962974323267
2020-01-18,US National,ili perc,3,2020-02-08,quantile,0.5,4.729015507243708
2020-01-18,US National,ili perc,3,2020-02-08,quantile,0.55,4.894775811353467
2020-01-18,US National,ili perc,3,2020-02-08,quantile,0.6,5.074710798743075
2020-01-18,US National,ili perc,3,2020-02-08,quantile,0.65,5.376611680185098
2020-01-18,US National,ili perc,3,2020-02-08,quantile,0.7,5.627406249284938
2020-01-18,US National,ili perc,3,2020-02-08,quantile,0.75,5.89368980871139
2020-01-18,US National,ili perc,3,2020-02-08,quantile,0.8,6.26091585828675
2020-01-18,US National,ili perc,3,2020-02-08,quantile,0.85,6.954701921603542
2020-01-18,US National,ili perc,3,2020-02-08,quantile,0.9,7.9646913571208655
2020-01-18,US National,ili perc,3,2020-02-08,quantile,0.95,12.267944995405436
2020-01-18,US National,ili perc,3,2020-02-08,quantile,0.975,20.040043556755748
2020-01-18,US National,ili perc,3,2020-02-08,quantile,0.99,29.15869116473016
2020-01-18,US National,ili perc,4,2020-02-15,quantile,0.01,1.1175765163303335
2020-01-18,US National,ili perc,4,2020-02-15,quantile,0.025,1.8369721657997393
2020-01-18,US National,ili perc,4,2020-02-15,quantile,0.05,2.3885094049601223
2020-01-18,US National,ili perc,4,2020-02-15,quantile,0.1,3.0607268691734943
2020-01-18,US National,ili perc,4,2020-02-15,quantile,0.15,3.3666918959823557
2020-01-18,US National,ili perc,4,2020-02-15,quantile,0.2,3.7202846227145603
2020-01-18,US National,ili perc,4,2020-02-15,quantile,0.25,3.93558520285327
2020-01-18,US National,ili perc,4,2020-02-15,quantile,0.3,4.133675085575941
2020-01-18,US National,ili perc,4,2020-02-15,quantile,0.35,4.33384500821071
2020-01-18,US National,ili perc,4,2020-02-15,quantile,0.4,4.531857937499234
2020-01-18,US National,ili perc,4,2020-02-15,quantile,0.45,4.736607233137016
2020-01-18,US National,ili perc,4,2020-02-15,quantile,0.5,4.9098902627732155
2020-01-18,US National,ili perc,4,2020-02-15,quantile,0.55,5.07635284972831
2020-01-18,US National,ili perc,4,2020-02-15,quantile,0.6,5.198253569900207
2020-01-18,US National,ili perc,4,2020-02-15,quantile,0.65,5.527477172641084
2020-01-18,US National,ili perc,4,2020-02-15,quantile,0.7,5.842054865078925
2020-01-18,US National,ili perc,4,2020-02-15,quantile,0.75,6.2670434354082705
2020-01-18,US National,ili perc,4,2020-02-15,quantile,0.8,6.8074859662212175
2020-01-18,US National,ili perc,4,2020-02-15,quantile,0.85,7.906032391293829
2020-01-18,US National,ili perc,4,2020-02-15,quantile,0.9,9.305514594820474
2020-01-18,US National,ili perc,4,2020-02-15,quantile,0.95,16.900086509235372
2020-01-18,US National,ili perc,4,2020-02-15,quantile,0.975,24.65135236129952
2020-01-18,US National,ili perc,4,2020-02-15,quantile,0.99,68.40705753253634
